case_id,customer_id,amount,currency,payment_status,failure_reason,failure_count,customer_attempt_count,days_since_failure,is_customer_active,has_valid_payment_method,scenario_labels
BATCH-000001,CUSTOMER-000001,611.54,INR,EXPIRED,UNKNOWN,0,0,54,False,False,LOW_VALUE|AGED_FAILURE|POLICY_BLOCKED|NO_ACTION_FAVORABLE
BATCH-000002,CUSTOMER-000002,2397.29,INR,FAILED,INSUFFICIENT_FUNDS,2,0,1,True,True,RECENT_FAILURE|RETRY_FAVORABLE|CONTACT_FAVORABLE
BATCH-000003,CUSTOMER-000003,1268.17,INR,FAILED,CARD_DECLINED,1,1,4,True,False,RECENT_FAILURE|POLICY_BLOCKED|CONTACT_FAVORABLE
BATCH-000004,CUSTOMER-000004,18817.62,INR,RECOVERABLE,NETWORK_ERROR,2,0,8,True,True,HIGH_VALUE|CONTACT_FAVORABLE|ESCALATION_FAVORABLE
BATCH-000005,CUSTOMER-000005,14264.65,INR,RECOVERABLE,INSUFFICIENT_FUNDS,5,0,23,True,False,HIGH_VALUE|POLICY_BLOCKED|ESCALATION_FAVORABLE
BATCH-000006,CUSTOMER-000006,403.94,INR,EXPIRED,UNKNOWN,1,1,58,False,False,LOW_VALUE|AGED_FAILURE|POLICY_BLOCKED|NO_ACTION_FAVORABLE
BATCH-000007,CUSTOMER-000007,7360.59,INR,FAILED,INSUFFICIENT_FUNDS,2,0,7,True,True,RECENT_FAILURE|RETRY_FAVORABLE|CONTACT_FAVORABLE
BATCH-000008,CUSTOMER-000008,5968.37,INR,RECOVERABLE,CARD_DECLINED,3,0,10,True,False,POLICY_BLOCKED|CONTACT_FAVORABLE
BATCH-000009,CUSTOMER-000009,11832.98,INR,RECOVERABLE,NETWORK_ERROR,0,0,9,True,True,HIGH_VALUE|CONTACT_FAVORABLE|ESCALATION_FAVORABLE
BATCH-000010,CUSTOMER-000010,17463.19,INR,FAILED,NETWORK_ERROR,6,2,23,False,False,HIGH_VALUE|POLICY_BLOCKED|ESCALATION_FAVORABLE|NO_ACTION_FAVORABLE
BATCH-000011,CUSTOMER-000011,267.61,INR,EXPIRED,PAYMENT_METHOD_EXPIRED,1,0,53,False,False,LOW_VALUE|AGED_FAILURE|POLICY_BLOCKED|NO_ACTION_FAVORABLE
BATCH-000012,CUSTOMER-000012,5040.19,INR,RECOVERABLE,INSUFFICIENT_FUNDS,0,0,2,True,True,RECENT_FAILURE|RETRY_FAVORABLE|CONTACT_FAVORABLE
BATCH-000013,CUSTOMER-000013,9905.71,INR,RECOVERABLE,CARD_DECLINED,3,1,12,True,False,POLICY_BLOCKED|CONTACT_FAVORABLE
BATCH-000014,CUSTOMER-000014,42872.1,INR,RECOVERABLE,CARD_DECLINED,1,0,12,True,True,HIGH_VALUE|CONTACT_FAVORABLE|ESCALATION_FAVORABLE
BATCH-000015,CUSTOMER-000015,5008.67,INR,RECOVERABLE,CARD_DECLINED,7,4,25,True,True,POLICY_BLOCKED|NO_ACTION_FAVORABLE
BATCH-000016,CUSTOMER-000016,211.7,INR,EXPIRED,UNKNOWN,2,2,48,False,False,LOW_VALUE|AGED_FAILURE|POLICY_BLOCKED|NO_ACTION_FAVORABLE
BATCH-000017,CUSTOMER-000017,5468.98,INR,RECOVERABLE,NETWORK_ERROR,2,0,6,True,True,RECENT_FAILURE|RETRY_FAVORABLE|CONTACT_FAVORABLE
BATCH-000018,CUSTOMER-000018,5585.74,INR,FAILED,CARD_DECLINED,1,0,13,True,True,CONTACT_FAVORABLE
BATCH-000019,CUSTOMER-000019,41683.17,INR,RECOVERABLE,NETWORK_ERROR,1,1,19,True,True,HIGH_VALUE|ESCALATION_FAVORABLE
BATCH-000020,CUSTOMER-000020,8250.77,INR,FAILED,UNKNOWN,6,5,23,False,False,POLICY_BLOCKED|NO_ACTION_FAVORABLE
BATCH-000021,CUSTOMER-000021,191.64,INR,EXPIRED,UNKNOWN,2,2,55,False,False,LOW_VALUE|AGED_FAILURE|POLICY_BLOCKED|NO_ACTION_FAVORABLE
BATCH-000022,CUSTOMER-000022,3391.49,INR,FAILED,INSUFFICIENT_FUNDS,1,0,6,True,True,RECENT_FAILURE|RETRY_FAVORABLE|CONTACT_FAVORABLE
BATCH-000023,CUSTOMER-000023,9584.34,INR,FAILED,CARD_DECLINED,3,2,5,True,False,RECENT_FAILURE|POLICY_BLOCKED|CONTACT_FAVORABLE
BATCH-000024,CUSTOMER-000024,43666.77,INR,RECOVERABLE,NETWORK_ERROR,2,0,19,True,True,HIGH_VALUE|ESCALATION_FAVORABLE
BATCH-000025,CUSTOMER-000025,8104.36,INR,FAILED,NETWORK_ERROR,4,2,15,False,True,POLICY_BLOCKED
BATCH-000026,CUSTOMER-000026,291.56,INR,EXPIRED,PAYMENT_METHOD_EXPIRED,0,0,59,False,False,LOW_VALUE|AGED_FAILURE|POLICY_BLOCKED|NO_ACTION_FAVORABLE
BATCH-000027,CUSTOMER-000027,6721.21,INR,FAILED,INSUFFICIENT_FUNDS,0,0,2,True,True,RECENT_FAILURE|RETRY_FAVORABLE|CONTACT_FAVORABLE
BATCH-000028,CUSTOMER-000028,3385.51,INR,FAILED,UNKNOWN,3,3,7,True,False,RECENT_FAILURE|POLICY_BLOCKED|NO_ACTION_FAVORABLE
BATCH-000029,CUSTOMER-000029,49805.97,INR,RECOVERABLE,CARD_DECLINED,2,2,11,True,True,HIGH_VALUE|CONTACT_FAVORABLE|ESCALATION_FAVORABLE
BATCH-000030,CUSTOMER-000030,9578.24,INR,FAILED,PAYMENT_METHOD_EXPIRED,4,1,22,True,True,POLICY_BLOCKED
BATCH-000031,CUSTOMER-000031,105.75,INR,EXPIRED,PAYMENT_METHOD_EXPIRED,2,0,51,False,False,LOW_VALUE|AGED_FAILURE|POLICY_BLOCKED|NO_ACTION_FAVORABLE
BATCH-000032,CUSTOMER-000032,1072.9,INR,FAILED,NETWORK_ERROR,0,0,5,True,True,RECENT_FAILURE|RETRY_FAVORABLE|CONTACT_FAVORABLE
BATCH-000033,CUSTOMER-000033,7020.8,INR,RECOVERABLE,CARD_DECLINED,1,1,9,True,True,CONTACT_FAVORABLE
BATCH-000034,CUSTOMER-000034,42299.88,INR,RECOVERABLE,NETWORK_ERROR,0,0,3,True,True,HIGH_VALUE|RECENT_FAILURE|RETRY_FAVORABLE|CONTACT_FAVORABLE|ESCALATION_FAVORABLE
BATCH-000035,CUSTOMER-000035,7731.65,INR,FAILED,INSUFFICIENT_FUNDS,6,3,29,False,True,POLICY_BLOCKED|NO_ACTION_FAVORABLE
BATCH-000036,CUSTOMER-000036,682.57,INR,EXPIRED,PAYMENT_METHOD_EXPIRED,0,0,38,False,False,LOW_VALUE|AGED_FAILURE|POLICY_BLOCKED|NO_ACTION_FAVORABLE
BATCH-000037,CUSTOMER-000037,5058.43,INR,FAILED,INSUFFICIENT_FUNDS,0,0,6,True,True,RECENT_FAILURE|RETRY_FAVORABLE|CONTACT_FAVORABLE
BATCH-000038,CUSTOMER-000038,3248.26,INR,FAILED,CARD_DECLINED,1,0,8,True,False,POLICY_BLOCKED|CONTACT_FAVORABLE
BATCH-000039,CUSTOMER-000039,48759.85,INR,RECOVERABLE,CARD_DECLINED,0,0,5,True,True,HIGH_VALUE|RECENT_FAILURE|RETRY_FAVORABLE|CONTACT_FAVORABLE|ESCALATION_FAVORABLE
BATCH-000040,CUSTOMER-000040,10145.81,INR,RECOVERABLE,NETWORK_ERROR,6,6,16,True,True,HIGH_VALUE|POLICY_BLOCKED|ESCALATION_FAVORABLE|NO_ACTION_FAVORABLE
BATCH-000041,CUSTOMER-000041,728.1,INR,EXPIRED,UNKNOWN,1,0,44,False,False,LOW_VALUE|AGED_FAILURE|POLICY_BLOCKED|NO_ACTION_FAVORABLE
BATCH-000042,CUSTOMER-000042,2114.13,INR,FAILED,INSUFFICIENT_FUNDS,0,0,0,True,True,RECENT_FAILURE|RETRY_FAVORABLE|CONTACT_FAVORABLE
BATCH-000043,CUSTOMER-000043,1451.28,INR,FAILED,CARD_DECLINED,2,2,9,True,False,POLICY_BLOCKED|CONTACT_FAVORABLE
BATCH-000044,CUSTOMER-000044,13204.46,INR,RECOVERABLE,NETWORK_ERROR,0,0,2,True,True,HIGH_VALUE|RECENT_FAILURE|RETRY_FAVORABLE|CONTACT_FAVORABLE|ESCALATION_FAVORABLE
BATCH-000045,CUSTOMER-000045,8671.74,INR,FAILED,AUTHENTICATION_FAILED,7,5,22,False,True,POLICY_BLOCKED|NO_ACTION_FAVORABLE
BATCH-000046,CUSTOMER-000046,847.77,INR,EXPIRED,UNKNOWN,0,0,52,False,False,LOW_VALUE|AGED_FAILURE|POLICY_BLOCKED|NO_ACTION_FAVORABLE
BATCH-000047,CUSTOMER-000047,2757.72,INR,RECOVERABLE,INSUFFICIENT_FUNDS,0,0,4,True,True,RECENT_FAILURE|RETRY_FAVORABLE|CONTACT_FAVORABLE
BATCH-000048,CUSTOMER-000048,1083.84,INR,FAILED,CARD_DECLINED,3,2,10,True,False,POLICY_BLOCKED|CONTACT_FAVORABLE
BATCH-000049,CUSTOMER-000049,15298.26,INR,RECOVERABLE,NETWORK_ERROR,1,1,2,True,True,HIGH_VALUE|RECENT_FAILURE|RETRY_FAVORABLE|CONTACT_FAVORABLE|ESCALATION_FAVORABLE
BATCH-000050,CUSTOMER-000050,6414.76,INR,FAILED,UNKNOWN,6,6,24,False,False,POLICY_BLOCKED|NO_ACTION_FAVORABLE
BATCH-000051,CUSTOMER-000051,543.68,INR,EXPIRED,PAYMENT_METHOD_EXPIRED,2,1,34,False,False,LOW_VALUE|AGED_FAILURE|POLICY_BLOCKED|NO_ACTION_FAVORABLE
BATCH-000052,CUSTOMER-000052,1481.14,INR,RECOVERABLE,INSUFFICIENT_FUNDS,0,0,2,True,True,RECENT_FAILURE|RETRY_FAVORABLE|CONTACT_FAVORABLE
BATCH-000053,CUSTOMER-000053,7458.51,INR,RECOVERABLE,UNKNOWN,1,1,11,True,False,POLICY_BLOCKED|CONTACT_FAVORABLE
BATCH-000054,CUSTOMER-000054,46213.46,INR,RECOVERABLE,CARD_DECLINED,0,0,2,True,True,HIGH_VALUE|RECENT_FAILURE|RETRY_FAVORABLE|CONTACT_FAVORABLE|ESCALATION_FAVORABLE
BATCH-000055,CUSTOMER-000055,1837.65,INR,RECOVERABLE,PAYMENT_METHOD_EXPIRED,5,5,19,False,True,POLICY_BLOCKED|NO_ACTION_FAVORABLE
BATCH-000056,CUSTOMER-000056,442.15,INR,EXPIRED,PAYMENT_METHOD_EXPIRED,0,0,34,False,False,LOW_VALUE|AGED_FAILURE|POLICY_BLOCKED|NO_ACTION_FAVORABLE
BATCH-000057,CUSTOMER-000057,5137.52,INR,RECOVERABLE,NETWORK_ERROR,1,0,2,True,True,RECENT_FAILURE|RETRY_FAVORABLE|CONTACT_FAVORABLE
BATCH-000058,CUSTOMER-000058,3774.33,INR,FAILED,CARD_DECLINED,1,1,6,True,True,RECENT_FAILURE|RETRY_FAVORABLE|CONTACT_FAVORABLE
BATCH-000059,CUSTOMER-000059,41204.65,INR,RECOVERABLE,NETWORK_ERROR,1,0,19,True,True,HIGH_VALUE|ESCALATION_FAVORABLE
BATCH-000060,CUSTOMER-000060,17427.51,INR,RECOVERABLE,AUTHENTICATION_FAILED,4,1,28,True,False,HIGH_VALUE|POLICY_BLOCKED|ESCALATION_FAVORABLE
BATCH-000061,CUSTOMER-000061,313.44,INR,EXPIRED,UNKNOWN,2,0,34,False,False,LOW_VALUE|AGED_FAILURE|POLICY_BLOCKED|NO_ACTION_FAVORABLE
BATCH-000062,CUSTOMER-000062,7798.04,INR,RECOVERABLE,INSUFFICIENT_FUNDS,0,0,3,True,True,RECENT_FAILURE|RETRY_FAVORABLE|CONTACT_FAVORABLE
BATCH-000063,CUSTOMER-000063,8384.83,INR,FAILED,UNKNOWN,1,1,4,True,True,RECENT_FAILURE|RETRY_FAVORABLE|CONTACT_FAVORABLE
BATCH-000064,CUSTOMER-000064,21144.12,INR,RECOVERABLE,CARD_DECLINED,0,0,8,True,True,HIGH_VALUE|CONTACT_FAVORABLE|ESCALATION_FAVORABLE
BATCH-000065,CUSTOMER-000065,13910.84,INR,RECOVERABLE,CARD_DECLINED,7,4,25,False,True,HIGH_VALUE|POLICY_BLOCKED|ESCALATION_FAVORABLE|NO_ACTION_FAVORABLE
BATCH-000066,CUSTOMER-000066,130.61,INR,EXPIRED,UNKNOWN,2,2,44,False,False,LOW_VALUE|AGED_FAILURE|POLICY_BLOCKED|NO_ACTION_FAVORABLE
BATCH-000067,CUSTOMER-000067,7184.64,INR,RECOVERABLE,NETWORK_ERROR,1,1,1,True,True,RECENT_FAILURE|RETRY_FAVORABLE|CONTACT_FAVORABLE
BATCH-000068,CUSTOMER-000068,1399.48,INR,FAILED,UNKNOWN,2,1,1,True,False,RECENT_FAILURE|POLICY_BLOCKED|CONTACT_FAVORABLE
BATCH-000069,CUSTOMER-000069,12798.95,INR,RECOVERABLE,CARD_DECLINED,2,2,10,True,True,HIGH_VALUE|CONTACT_FAVORABLE|ESCALATION_FAVORABLE
BATCH-000070,CUSTOMER-000070,17112.29,INR,RECOVERABLE,AUTHENTICATION_FAILED,8,4,24,False,False,HIGH_VALUE|POLICY_BLOCKED|ESCALATION_FAVORABLE|NO_ACTION_FAVORABLE
BATCH-000071,CUSTOMER-000071,543.53,INR,EXPIRED,UNKNOWN,0,0,44,False,False,LOW_VALUE|AGED_FAILURE|POLICY_BLOCKED|NO_ACTION_FAVORABLE
BATCH-000072,CUSTOMER-000072,5731.88,INR,FAILED,INSUFFICIENT_FUNDS,1,1,6,True,True,RECENT_FAILURE|RETRY_FAVORABLE|CONTACT_FAVORABLE
BATCH-000073,CUSTOMER-000073,2891.64,INR,RECOVERABLE,UNKNOWN,3,3,10,True,False,POLICY_BLOCKED|NO_ACTION_FAVORABLE
BATCH-000074,CUSTOMER-000074,37025.09,INR,RECOVERABLE,NETWORK_ERROR,2,2,15,True,True,HIGH_VALUE|ESCALATION_FAVORABLE
BATCH-000075,CUSTOMER-000075,2611.12,INR,FAILED,UNKNOWN,7,4,25,True,False,POLICY_BLOCKED|NO_ACTION_FAVORABLE
BATCH-000076,CUSTOMER-000076,279.71,INR,EXPIRED,PAYMENT_METHOD_EXPIRED,0,0,35,False,False,LOW_VALUE|AGED_FAILURE|POLICY_BLOCKED|NO_ACTION_FAVORABLE
BATCH-000077,CUSTOMER-000077,2581.16,INR,RECOVERABLE,INSUFFICIENT_FUNDS,1,0,1,True,True,RECENT_FAILURE|RETRY_FAVORABLE|CONTACT_FAVORABLE
BATCH-000078,CUSTOMER-000078,7465.11,INR,FAILED,CARD_DECLINED,2,0,8,True,False,POLICY_BLOCKED|CONTACT_FAVORABLE
BATCH-000079,CUSTOMER-000079,41136.82,INR,RECOVERABLE,CARD_DECLINED,0,0,5,True,True,HIGH_VALUE|RECENT_FAILURE|RETRY_FAVORABLE|CONTACT_FAVORABLE|ESCALATION_FAVORABLE
BATCH-000080,CUSTOMER-000080,11590.71,INR,RECOVERABLE,AUTHENTICATION_FAILED,3,3,29,True,True,HIGH_VALUE|POLICY_BLOCKED|ESCALATION_FAVORABLE|NO_ACTION_FAVORABLE
BATCH-000081,CUSTOMER-000081,764.46,INR,EXPIRED,PAYMENT_METHOD_EXPIRED,2,2,45,False,False,LOW_VALUE|AGED_FAILURE|POLICY_BLOCKED|NO_ACTION_FAVORABLE
BATCH-000082,CUSTOMER-000082,7822.71,INR,FAILED,INSUFFICIENT_FUNDS,1,1,4,True,True,RECENT_FAILURE|RETRY_FAVORABLE|CONTACT_FAVORABLE
BATCH-000083,CUSTOMER-000083,6640.74,INR,RECOVERABLE,CARD_DECLINED,2,1,8,True,True,CONTACT_FAVORABLE
BATCH-000084,CUSTOMER-000084,23433.9,INR,RECOVERABLE,NETWORK_ERROR,2,0,2,True,True,HIGH_VALUE|RECENT_FAILURE|RETRY_FAVORABLE|CONTACT_FAVORABLE|ESCALATION_FAVORABLE
BATCH-000085,CUSTOMER-000085,5393.97,INR,RECOVERABLE,NETWORK_ERROR,8,8,19,False,True,POLICY_BLOCKED|NO_ACTION_FAVORABLE
BATCH-000086,CUSTOMER-000086,472.74,INR,EXPIRED,UNKNOWN,0,0,37,False,False,LOW_VALUE|AGED_FAILURE|POLICY_BLOCKED|NO_ACTION_FAVORABLE
BATCH-000087,CUSTOMER-000087,8191.13,INR,RECOVERABLE,INSUFFICIENT_FUNDS,2,0,0,True,True,RECENT_FAILURE|RETRY_FAVORABLE|CONTACT_FAVORABLE
BATCH-000088,CUSTOMER-000088,9484.67,INR,RECOVERABLE,CARD_DECLINED,2,1,13,True,False,POLICY_BLOCKED|CONTACT_FAVORABLE
BATCH-000089,CUSTOMER-000089,18776.87,INR,RECOVERABLE,NETWORK_ERROR,1,1,15,True,True,HIGH_VALUE|ESCALATION_FAVORABLE
BATCH-000090,CUSTOMER-000090,7386.46,INR,FAILED,PAYMENT_METHOD_EXPIRED,8,8,27,False,False,POLICY_BLOCKED|NO_ACTION_FAVORABLE
BATCH-000091,CUSTOMER-000091,121.57,INR,EXPIRED,PAYMENT_METHOD_EXPIRED,1,0,49,False,False,LOW_VALUE|AGED_FAILURE|POLICY_BLOCKED|NO_ACTION_FAVORABLE
BATCH-000092,CUSTOMER-000092,5963.37,INR,FAILED,NETWORK_ERROR,0,0,7,True,True,RECENT_FAILURE|RETRY_FAVORABLE|CONTACT_FAVORABLE
BATCH-000093,CUSTOMER-000093,4411.93,INR,RECOVERABLE,UNKNOWN,1,1,8,True,True,CONTACT_FAVORABLE
BATCH-000094,CUSTOMER-000094,20090.86,INR,RECOVERABLE,NETWORK_ERROR,0,0,15,True,True,HIGH_VALUE|ESCALATION_FAVORABLE
BATCH-000095,CUSTOMER-000095,19998.25,INR,FAILED,INSUFFICIENT_FUNDS,5,1,22,False,False,HIGH_VALUE|POLICY_BLOCKED|ESCALATION_FAVORABLE|NO_ACTION_FAVORABLE
BATCH-000096,CUSTOMER-000096,259.49,INR,EXPIRED,PAYMENT_METHOD_EXPIRED,0,0,50,False,False,LOW_VALUE|AGED_FAILURE|POLICY_BLOCKED|NO_ACTION_FAVORABLE
BATCH-000097,CUSTOMER-000097,1572.88,INR,FAILED,INSUFFICIENT_FUNDS,2,2,1,True,True,RECENT_FAILURE|RETRY_FAVORABLE|CONTACT_FAVORABLE
BATCH-000098,CUSTOMER-000098,3306.19,INR,FAILED,CARD_DECLINED,2,1,3,True,False,RECENT_FAILURE|POLICY_BLOCKED|CONTACT_FAVORABLE
BATCH-000099,CUSTOMER-000099,14323.95,INR,RECOVERABLE,CARD_DECLINED,0,0,9,True,True,HIGH_VALUE|CONTACT_FAVORABLE|ESCALATION_FAVORABLE
BATCH-000100,CUSTOMER-000100,18887.94,INR,FAILED,INSUFFICIENT_FUNDS,4,2,17,False,False,HIGH_VALUE|POLICY_BLOCKED|ESCALATION_FAVORABLE|NO_ACTION_FAVORABLE
BATCH-000101,CUSTOMER-000101,780.23,INR,EXPIRED,PAYMENT_METHOD_EXPIRED,2,2,56,False,False,LOW_VALUE|AGED_FAILURE|POLICY_BLOCKED|NO_ACTION_FAVORABLE
BATCH-000102,CUSTOMER-000102,7152.4,INR,RECOVERABLE,NETWORK_ERROR,1,1,6,True,True,RECENT_FAILURE|RETRY_FAVORABLE|CONTACT_FAVORABLE
BATCH-000103,CUSTOMER-000103,1113.87,INR,RECOVERABLE,UNKNOWN,2,2,14,True,False,POLICY_BLOCKED|CONTACT_FAVORABLE
BATCH-000104,CUSTOMER-000104,45663.0,INR,RECOVERABLE,CARD_DECLINED,1,0,4,True,True,HIGH_VALUE|RECENT_FAILURE|RETRY_FAVORABLE|CONTACT_FAVORABLE|ESCALATION_FAVORABLE
BATCH-000105,CUSTOMER-000105,14942.11,INR,RECOVERABLE,AUTHENTICATION_FAILED,8,6,23,False,False,HIGH_VALUE|POLICY_BLOCKED|ESCALATION_FAVORABLE|NO_ACTION_FAVORABLE
BATCH-000106,CUSTOMER-000106,760.59,INR,EXPIRED,UNKNOWN,2,0,39,False,False,LOW_VALUE|AGED_FAILURE|POLICY_BLOCKED|NO_ACTION_FAVORABLE
BATCH-000107,CUSTOMER-000107,7561.21,INR,RECOVERABLE,NETWORK_ERROR,0,0,4,True,True,RECENT_FAILURE|RETRY_FAVORABLE|CONTACT_FAVORABLE
BATCH-000108,CUSTOMER-000108,6128.65,INR,RECOVERABLE,UNKNOWN,3,1,7,True,True,RECENT_FAILURE|POLICY_BLOCKED|CONTACT_FAVORABLE
BATCH-000109,CUSTOMER-000109,29502.0,INR,RECOVERABLE,CARD_DECLINED,1,1,8,True,True,HIGH_VALUE|CONTACT_FAVORABLE|ESCALATION_FAVORABLE
BATCH-000110,CUSTOMER-000110,17726.08,INR,FAILED,INSUFFICIENT_FUNDS,8,3,23,False,True,HIGH_VALUE|POLICY_BLOCKED|ESCALATION_FAVORABLE|NO_ACTION_FAVORABLE
BATCH-000111,CUSTOMER-000111,676.06,INR,EXPIRED,PAYMENT_METHOD_EXPIRED,1,1,48,False,False,LOW_VALUE|AGED_FAILURE|POLICY_BLOCKED|NO_ACTION_FAVORABLE
BATCH-000112,CUSTOMER-000112,5990.17,INR,FAILED,NETWORK_ERROR,1,1,7,True,True,RECENT_FAILURE|RETRY_FAVORABLE|CONTACT_FAVORABLE
BATCH-000113,CUSTOMER-000113,2994.37,INR,RECOVERABLE,UNKNOWN,3,2,4,True,True,RECENT_FAILURE|POLICY_BLOCKED|CONTACT_FAVORABLE
BATCH-000114,CUSTOMER-000114,27020.15,INR,RECOVERABLE,CARD_DECLINED,2,1,17,True,True,HIGH_VALUE|ESCALATION_FAVORABLE
BATCH-000115,CUSTOMER-000115,14354.24,INR,FAILED,NETWORK_ERROR,5,0,24,True,True,HIGH_VALUE|POLICY_BLOCKED|ESCALATION_FAVORABLE
BATCH-000116,CUSTOMER-000116,694.3,INR,EXPIRED,PAYMENT_METHOD_EXPIRED,2,0,36,False,False,LOW_VALUE|AGED_FAILURE|POLICY_BLOCKED|NO_ACTION_FAVORABLE
BATCH-000117,CUSTOMER-000117,6778.14,INR,FAILED,NETWORK_ERROR,1,1,4,True,True,RECENT_FAILURE|RETRY_FAVORABLE|CONTACT_FAVORABLE
BATCH-000118,CUSTOMER-000118,3047.35,INR,FAILED,UNKNOWN,1,0,5,True,True,RECENT_FAILURE|RETRY_FAVORABLE|CONTACT_FAVORABLE
BATCH-000119,CUSTOMER-000119,48971.8,INR,RECOVERABLE,NETWORK_ERROR,2,2,9,True,True,HIGH_VALUE|CONTACT_FAVORABLE|ESCALATION_FAVORABLE
BATCH-000120,CUSTOMER-000120,17500.76,INR,RECOVERABLE,AUTHENTICATION_FAILED,6,3,18,False,False,HIGH_VALUE|POLICY_BLOCKED|ESCALATION_FAVORABLE|NO_ACTION_FAVORABLE
BATCH-000121,CUSTOMER-000121,372.56,INR,EXPIRED,UNKNOWN,0,0,39,False,False,LOW_VALUE|AGED_FAILURE|POLICY_BLOCKED|NO_ACTION_FAVORABLE
BATCH-000122,CUSTOMER-000122,7487.98,INR,FAILED,NETWORK_ERROR,1,0,7,True,True,RECENT_FAILURE|RETRY_FAVORABLE|CONTACT_FAVORABLE
BATCH-000123,CUSTOMER-000123,2342.78,INR,FAILED,CARD_DECLINED,3,3,5,True,True,RECENT_FAILURE|POLICY_BLOCKED|NO_ACTION_FAVORABLE
BATCH-000124,CUSTOMER-000124,34252.71,INR,RECOVERABLE,CARD_DECLINED,2,1,7,True,True,HIGH_VALUE|RECENT_FAILURE|RETRY_FAVORABLE|CONTACT_FAVORABLE|ESCALATION_FAVORABLE
BATCH-000125,CUSTOMER-000125,18261.58,INR,FAILED,CARD_DECLINED,5,5,28,True,False,HIGH_VALUE|POLICY_BLOCKED|ESCALATION_FAVORABLE|NO_ACTION_FAVORABLE
BATCH-000126,CUSTOMER-000126,268.82,INR,EXPIRED,PAYMENT_METHOD_EXPIRED,2,0,33,False,False,LOW_VALUE|AGED_FAILURE|POLICY_BLOCKED|NO_ACTION_FAVORABLE
BATCH-000127,CUSTOMER-000127,1977.42,INR,FAILED,INSUFFICIENT_FUNDS,0,0,2,True,True,RECENT_FAILURE|RETRY_FAVORABLE|CONTACT_FAVORABLE
BATCH-000128,CUSTOMER-000128,7204.34,INR,RECOVERABLE,UNKNOWN,2,2,5,True,True,RECENT_FAILURE|RETRY_FAVORABLE|CONTACT_FAVORABLE
BATCH-000129,CUSTOMER-000129,44384.27,INR,RECOVERABLE,CARD_DECLINED,0,0,7,True,True,HIGH_VALUE|RECENT_FAILURE|RETRY_FAVORABLE|CONTACT_FAVORABLE|ESCALATION_FAVORABLE
BATCH-000130,CUSTOMER-000130,9077.64,INR,FAILED,INSUFFICIENT_FUNDS,7,0,22,False,False,POLICY_BLOCKED|NO_ACTION_FAVORABLE
BATCH-000131,CUSTOMER-000131,232.74,INR,EXPIRED,UNKNOWN,1,1,50,False,False,LOW_VALUE|AGED_FAILURE|POLICY_BLOCKED|NO_ACTION_FAVORABLE
BATCH-000132,CUSTOMER-000132,1557.01,INR,RECOVERABLE,INSUFFICIENT_FUNDS,2,2,4,True,True,RECENT_FAILURE|RETRY_FAVORABLE|CONTACT_FAVORABLE
BATCH-000133,CUSTOMER-000133,5859.83,INR,RECOVERABLE,UNKNOWN,2,2,2,True,False,RECENT_FAILURE|POLICY_BLOCKED|CONTACT_FAVORABLE
BATCH-000134,CUSTOMER-000134,20014.72,INR,RECOVERABLE,NETWORK_ERROR,0,0,7,True,True,HIGH_VALUE|RECENT_FAILURE|RETRY_FAVORABLE|CONTACT_FAVORABLE|ESCALATION_FAVORABLE
BATCH-000135,CUSTOMER-000135,11948.69,INR,RECOVERABLE,CARD_DECLINED,4,4,30,False,True,HIGH_VALUE|POLICY_BLOCKED|ESCALATION_FAVORABLE|NO_ACTION_FAVORABLE
BATCH-000136,CUSTOMER-000136,448.71,INR,EXPIRED,UNKNOWN,1,1,33,False,False,LOW_VALUE|AGED_FAILURE|POLICY_BLOCKED|NO_ACTION_FAVORABLE
BATCH-000137,CUSTOMER-000137,3970.96,INR,FAILED,INSUFFICIENT_FUNDS,1,1,1,True,True,RECENT_FAILURE|RETRY_FAVORABLE|CONTACT_FAVORABLE
BATCH-000138,CUSTOMER-000138,7243.06,INR,FAILED,UNKNOWN,2,0,11,True,False,POLICY_BLOCKED|CONTACT_FAVORABLE
BATCH-000139,CUSTOMER-000139,22580.69,INR,RECOVERABLE,CARD_DECLINED,1,0,3,True,True,HIGH_VALUE|RECENT_FAILURE|RETRY_FAVORABLE|CONTACT_FAVORABLE|ESCALATION_FAVORABLE
BATCH-000140,CUSTOMER-000140,13495.55,INR,RECOVERABLE,PAYMENT_METHOD_EXPIRED,7,7,29,True,True,HIGH_VALUE|POLICY_BLOCKED|ESCALATION_FAVORABLE|NO_ACTION_FAVORABLE
BATCH-000141,CUSTOMER-000141,600.33,INR,EXPIRED,UNKNOWN,0,0,37,False,False,LOW_VALUE|AGED_FAILURE|POLICY_BLOCKED|NO_ACTION_FAVORABLE
BATCH-000142,CUSTOMER-000142,8385.22,INR,FAILED,NETWORK_ERROR,1,0,7,True,True,RECENT_FAILURE|RETRY_FAVORABLE|CONTACT_FAVORABLE
BATCH-000143,CUSTOMER-000143,7388.05,INR,RECOVERABLE,CARD_DECLINED,2,0,9,True,True,CONTACT_FAVORABLE
BATCH-000144,CUSTOMER-000144,49690.29,INR,RECOVERABLE,NETWORK_ERROR,0,0,14,True,True,HIGH_VALUE|CONTACT_FAVORABLE|ESCALATION_FAVORABLE
BATCH-000145,CUSTOMER-000145,10469.13,INR,RECOVERABLE,AUTHENTICATION_FAILED,8,3,24,False,True,HIGH_VALUE|POLICY_BLOCKED|ESCALATION_FAVORABLE|NO_ACTION_FAVORABLE
BATCH-000146,CUSTOMER-000146,465.43,INR,EXPIRED,PAYMENT_METHOD_EXPIRED,0,0,43,False,False,LOW_VALUE|AGED_FAILURE|POLICY_BLOCKED|NO_ACTION_FAVORABLE
BATCH-000147,CUSTOMER-000147,7844.23,INR,RECOVERABLE,INSUFFICIENT_FUNDS,1,0,6,True,True,RECENT_FAILURE|RETRY_FAVORABLE|CONTACT_FAVORABLE
BATCH-000148,CUSTOMER-000148,3545.55,INR,RECOVERABLE,CARD_DECLINED,2,1,14,True,False,POLICY_BLOCKED|CONTACT_FAVORABLE
BATCH-000149,CUSTOMER-000149,31543.22,INR,RECOVERABLE,CARD_DECLINED,1,1,10,True,True,HIGH_VALUE|CONTACT_FAVORABLE|ESCALATION_FAVORABLE
BATCH-000150,CUSTOMER-000150,18724.19,INR,RECOVERABLE,INSUFFICIENT_FUNDS,4,2,22,False,True,HIGH_VALUE|POLICY_BLOCKED|ESCALATION_FAVORABLE
BATCH-000151,CUSTOMER-000151,695.76,INR,EXPIRED,UNKNOWN,2,1,60,False,False,LOW_VALUE|AGED_FAILURE|POLICY_BLOCKED|NO_ACTION_FAVORABLE
BATCH-000152,CUSTOMER-000152,8901.52,INR,RECOVERABLE,NETWORK_ERROR,2,0,2,True,True,RECENT_FAILURE|RETRY_FAVORABLE|CONTACT_FAVORABLE
BATCH-000153,CUSTOMER-000153,5520.62,INR,RECOVERABLE,CARD_DECLINED,3,3,6,True,False,RECENT_FAILURE|POLICY_BLOCKED|NO_ACTION_FAVORABLE
BATCH-000154,CUSTOMER-000154,10613.9,INR,RECOVERABLE,NETWORK_ERROR,0,0,13,True,True,HIGH_VALUE|CONTACT_FAVORABLE|ESCALATION_FAVORABLE
BATCH-000155,CUSTOMER-000155,9920.32,INR,FAILED,NETWORK_ERROR,5,5,25,False,True,POLICY_BLOCKED|NO_ACTION_FAVORABLE
BATCH-000156,CUSTOMER-000156,787.47,INR,EXPIRED,UNKNOWN,1,0,41,False,False,LOW_VALUE|AGED_FAILURE|POLICY_BLOCKED|NO_ACTION_FAVORABLE
BATCH-000157,CUSTOMER-000157,5748.41,INR,FAILED,NETWORK_ERROR,0,0,4,True,True,RECENT_FAILURE|RETRY_FAVORABLE|CONTACT_FAVORABLE
BATCH-000158,CUSTOMER-000158,9805.04,INR,RECOVERABLE,CARD_DECLINED,3,2,12,True,False,POLICY_BLOCKED|CONTACT_FAVORABLE
BATCH-000159,CUSTOMER-000159,46136.96,INR,RECOVERABLE,NETWORK_ERROR,0,0,10,True,True,HIGH_VALUE|CONTACT_FAVORABLE|ESCALATION_FAVORABLE
BATCH-000160,CUSTOMER-000160,7810.8,INR,FAILED,CARD_DECLINED,6,1,19,True,True,POLICY_BLOCKED
BATCH-000161,CUSTOMER-000161,163.17,INR,EXPIRED,PAYMENT_METHOD_EXPIRED,1,1,50,False,False,LOW_VALUE|AGED_FAILURE|POLICY_BLOCKED|NO_ACTION_FAVORABLE
BATCH-000162,CUSTOMER-000162,8259.05,INR,RECOVERABLE,INSUFFICIENT_FUNDS,0,0,3,True,True,RECENT_FAILURE|RETRY_FAVORABLE|CONTACT_FAVORABLE
BATCH-000163,CUSTOMER-000163,3297.94,INR,RECOVERABLE,CARD_DECLINED,1,0,13,True,False,POLICY_BLOCKED|CONTACT_FAVORABLE
BATCH-000164,CUSTOMER-000164,27669.19,INR,RECOVERABLE,CARD_DECLINED,1,1,18,True,True,HIGH_VALUE|ESCALATION_FAVORABLE
BATCH-000165,CUSTOMER-000165,14115.96,INR,RECOVERABLE,INSUFFICIENT_FUNDS,6,1,24,True,True,HIGH_VALUE|POLICY_BLOCKED|ESCALATION_FAVORABLE
BATCH-000166,CUSTOMER-000166,405.09,INR,EXPIRED,UNKNOWN,1,1,49,False,False,LOW_VALUE|AGED_FAILURE|POLICY_BLOCKED|NO_ACTION_FAVORABLE
BATCH-000167,CUSTOMER-000167,686.49,INR,RECOVERABLE,NETWORK_ERROR,2,2,6,True,True,LOW_VALUE|RECENT_FAILURE|RETRY_FAVORABLE|CONTACT_FAVORABLE
BATCH-000168,CUSTOMER-000168,8785.61,INR,RECOVERABLE,UNKNOWN,3,1,1,True,False,RECENT_FAILURE|POLICY_BLOCKED|CONTACT_FAVORABLE
BATCH-000169,CUSTOMER-000169,34282.6,INR,RECOVERABLE,NETWORK_ERROR,1,1,7,True,True,HIGH_VALUE|RECENT_FAILURE|RETRY_FAVORABLE|CONTACT_FAVORABLE|ESCALATION_FAVORABLE
BATCH-000170,CUSTOMER-000170,13877.52,INR,FAILED,NETWORK_ERROR,8,7,19,False,False,HIGH_VALUE|POLICY_BLOCKED|ESCALATION_FAVORABLE|NO_ACTION_FAVORABLE
BATCH-000171,CUSTOMER-000171,126.69,INR,EXPIRED,PAYMENT_METHOD_EXPIRED,1,0,54,False,False,LOW_VALUE|AGED_FAILURE|POLICY_BLOCKED|NO_ACTION_FAVORABLE
BATCH-000172,CUSTOMER-000172,8231.84,INR,FAILED,NETWORK_ERROR,1,0,6,True,True,RECENT_FAILURE|RETRY_FAVORABLE|CONTACT_FAVORABLE
BATCH-000173,CUSTOMER-000173,8078.62,INR,RECOVERABLE,CARD_DECLINED,2,1,9,True,False,POLICY_BLOCKED|CONTACT_FAVORABLE
BATCH-000174,CUSTOMER-000174,46561.96,INR,RECOVERABLE,CARD_DECLINED,1,0,9,True,True,HIGH_VALUE|CONTACT_FAVORABLE|ESCALATION_FAVORABLE
BATCH-000175,CUSTOMER-000175,9898.3,INR,RECOVERABLE,PAYMENT_METHOD_EXPIRED,3,2,19,False,True,POLICY_BLOCKED
BATCH-000176,CUSTOMER-000176,172.24,INR,EXPIRED,UNKNOWN,1,0,31,False,False,LOW_VALUE|AGED_FAILURE|POLICY_BLOCKED|NO_ACTION_FAVORABLE
BATCH-000177,CUSTOMER-000177,4365.68,INR,RECOVERABLE,INSUFFICIENT_FUNDS,2,0,4,True,True,RECENT_FAILURE|RETRY_FAVORABLE|CONTACT_FAVORABLE
BATCH-000178,CUSTOMER-000178,7073.53,INR,RECOVERABLE,CARD_DECLINED,2,2,1,True,False,RECENT_FAILURE|POLICY_BLOCKED|CONTACT_FAVORABLE
BATCH-000179,CUSTOMER-000179,12528.68,INR,RECOVERABLE,CARD_DECLINED,1,0,9,True,True,HIGH_VALUE|CONTACT_FAVORABLE|ESCALATION_FAVORABLE
BATCH-000180,CUSTOMER-000180,3655.76,INR,FAILED,PAYMENT_METHOD_EXPIRED,3,1,24,False,True,POLICY_BLOCKED
BATCH-000181,CUSTOMER-000181,410.92,INR,EXPIRED,UNKNOWN,1,0,52,False,False,LOW_VALUE|AGED_FAILURE|POLICY_BLOCKED|NO_ACTION_FAVORABLE
BATCH-000182,CUSTOMER-000182,8026.02,INR,RECOVERABLE,INSUFFICIENT_FUNDS,2,1,1,True,True,RECENT_FAILURE|RETRY_FAVORABLE|CONTACT_FAVORABLE
BATCH-000183,CUSTOMER-000183,1294.45,INR,FAILED,UNKNOWN,2,0,4,True,False,RECENT_FAILURE|POLICY_BLOCKED|CONTACT_FAVORABLE
BATCH-000184,CUSTOMER-000184,49237.11,INR,RECOVERABLE,CARD_DECLINED,1,0,17,True,True,HIGH_VALUE|ESCALATION_FAVORABLE
BATCH-000185,CUSTOMER-000185,8564.65,INR,FAILED,UNKNOWN,4,1,18,False,False,POLICY_BLOCKED|NO_ACTION_FAVORABLE
BATCH-000186,CUSTOMER-000186,613.36,INR,EXPIRED,PAYMENT_METHOD_EXPIRED,2,1,31,False,False,LOW_VALUE|AGED_FAILURE|POLICY_BLOCKED|NO_ACTION_FAVORABLE
BATCH-000187,CUSTOMER-000187,2570.34,INR,FAILED,NETWORK_ERROR,0,0,3,True,True,RECENT_FAILURE|RETRY_FAVORABLE|CONTACT_FAVORABLE
BATCH-000188,CUSTOMER-000188,8317.48,INR,FAILED,UNKNOWN,1,0,6,True,False,RECENT_FAILURE|POLICY_BLOCKED|CONTACT_FAVORABLE
BATCH-000189,CUSTOMER-000189,49501.09,INR,RECOVERABLE,NETWORK_ERROR,2,0,8,True,True,HIGH_VALUE|CONTACT_FAVORABLE|ESCALATION_FAVORABLE
BATCH-000190,CUSTOMER-000190,13560.1,INR,FAILED,PAYMENT_METHOD_EXPIRED,3,2,19,True,False,HIGH_VALUE|POLICY_BLOCKED|ESCALATION_FAVORABLE
BATCH-000191,CUSTOMER-000191,112.62,INR,EXPIRED,PAYMENT_METHOD_EXPIRED,1,1,32,False,False,LOW_VALUE|AGED_FAILURE|POLICY_BLOCKED|NO_ACTION_FAVORABLE
BATCH-000192,CUSTOMER-000192,4971.73,INR,RECOVERABLE,INSUFFICIENT_FUNDS,2,1,1,True,True,RECENT_FAILURE|RETRY_FAVORABLE|CONTACT_FAVORABLE
BATCH-000193,CUSTOMER-000193,5619.14,INR,FAILED,UNKNOWN,1,1,8,True,False,POLICY_BLOCKED|CONTACT_FAVORABLE
BATCH-000194,CUSTOMER-000194,35733.63,INR,RECOVERABLE,CARD_DECLINED,0,0,1,True,True,HIGH_VALUE|RECENT_FAILURE|RETRY_FAVORABLE|CONTACT_FAVORABLE|ESCALATION_FAVORABLE
BATCH-000195,CUSTOMER-000195,9099.2,INR,FAILED,NETWORK_ERROR,3,1,30,False,True,POLICY_BLOCKED
BATCH-000196,CUSTOMER-000196,152.55,INR,EXPIRED,UNKNOWN,1,1,50,False,False,LOW_VALUE|AGED_FAILURE|POLICY_BLOCKED|NO_ACTION_FAVORABLE
BATCH-000197,CUSTOMER-000197,8954.34,INR,RECOVERABLE,INSUFFICIENT_FUNDS,2,0,4,True,True,RECENT_FAILURE|RETRY_FAVORABLE|CONTACT_FAVORABLE
BATCH-000198,CUSTOMER-000198,8137.86,INR,FAILED,UNKNOWN,1,1,14,True,False,POLICY_BLOCKED|CONTACT_FAVORABLE
BATCH-000199,CUSTOMER-000199,45523.64,INR,RECOVERABLE,CARD_DECLINED,1,1,10,True,True,HIGH_VALUE|CONTACT_FAVORABLE|ESCALATION_FAVORABLE
BATCH-000200,CUSTOMER-000200,8903.8,INR,RECOVERABLE,CARD_DECLINED,3,3,25,True,False,POLICY_BLOCKED|NO_ACTION_FAVORABLE
BATCH-000201,CUSTOMER-000201,153.71,INR,EXPIRED,UNKNOWN,0,0,33,False,False,LOW_VALUE|AGED_FAILURE|POLICY_BLOCKED|NO_ACTION_FAVORABLE
BATCH-000202,CUSTOMER-000202,6829.01,INR,FAILED,INSUFFICIENT_FUNDS,1,0,2,True,True,RECENT_FAILURE|RETRY_FAVORABLE|CONTACT_FAVORABLE
BATCH-000203,CUSTOMER-000203,4697.28,INR,FAILED,UNKNOWN,3,2,13,True,False,POLICY_BLOCKED|CONTACT_FAVORABLE
BATCH-000204,CUSTOMER-000204,24065.85,INR,RECOVERABLE,NETWORK_ERROR,2,0,16,True,True,HIGH_VALUE|ESCALATION_FAVORABLE
BATCH-000205,CUSTOMER-000205,13477.99,INR,FAILED,NETWORK_ERROR,4,4,18,True,False,HIGH_VALUE|POLICY_BLOCKED|ESCALATION_FAVORABLE|NO_ACTION_FAVORABLE
BATCH-000206,CUSTOMER-000206,280.93,INR,EXPIRED,PAYMENT_METHOD_EXPIRED,1,1,58,False,False,LOW_VALUE|AGED_FAILURE|POLICY_BLOCKED|NO_ACTION_FAVORABLE
BATCH-000207,CUSTOMER-000207,746.1,INR,RECOVERABLE,INSUFFICIENT_FUNDS,1,0,4,True,True,LOW_VALUE|RECENT_FAILURE|RETRY_FAVORABLE|CONTACT_FAVORABLE
BATCH-000208,CUSTOMER-000208,2632.65,INR,FAILED,CARD_DECLINED,1,0,10,True,False,POLICY_BLOCKED|CONTACT_FAVORABLE
BATCH-000209,CUSTOMER-000209,13670.31,INR,RECOVERABLE,CARD_DECLINED,2,1,6,True,True,HIGH_VALUE|RECENT_FAILURE|RETRY_FAVORABLE|CONTACT_FAVORABLE|ESCALATION_FAVORABLE
BATCH-000210,CUSTOMER-000210,9619.27,INR,FAILED,INSUFFICIENT_FUNDS,4,1,26,True,True,POLICY_BLOCKED
BATCH-000211,CUSTOMER-000211,225.93,INR,EXPIRED,PAYMENT_METHOD_EXPIRED,2,1,32,False,False,LOW_VALUE|AGED_FAILURE|POLICY_BLOCKED|NO_ACTION_FAVORABLE
BATCH-000212,CUSTOMER-000212,4266.46,INR,RECOVERABLE,INSUFFICIENT_FUNDS,1,1,7,True,True,RECENT_FAILURE|RETRY_FAVORABLE|CONTACT_FAVORABLE
BATCH-000213,CUSTOMER-000213,2940.12,INR,FAILED,UNKNOWN,3,3,2,True,True,RECENT_FAILURE|POLICY_BLOCKED|NO_ACTION_FAVORABLE
BATCH-000214,CUSTOMER-000214,31077.36,INR,RECOVERABLE,NETWORK_ERROR,1,1,1,True,True,HIGH_VALUE|RECENT_FAILURE|RETRY_FAVORABLE|CONTACT_FAVORABLE|ESCALATION_FAVORABLE
BATCH-000215,CUSTOMER-000215,19704.47,INR,FAILED,NETWORK_ERROR,3,2,15,True,False,HIGH_VALUE|POLICY_BLOCKED|ESCALATION_FAVORABLE
BATCH-000216,CUSTOMER-000216,362.5,INR,EXPIRED,UNKNOWN,0,0,46,False,False,LOW_VALUE|AGED_FAILURE|POLICY_BLOCKED|NO_ACTION_FAVORABLE
BATCH-000217,CUSTOMER-000217,1598.08,INR,RECOVERABLE,NETWORK_ERROR,2,1,3,True,True,RECENT_FAILURE|RETRY_FAVORABLE|CONTACT_FAVORABLE
BATCH-000218,CUSTOMER-000218,8755.88,INR,FAILED,UNKNOWN,1,1,7,True,True,RECENT_FAILURE|RETRY_FAVORABLE|CONTACT_FAVORABLE
BATCH-000219,CUSTOMER-000219,32935.99,INR,RECOVERABLE,CARD_DECLINED,2,1,20,True,True,HIGH_VALUE|ESCALATION_FAVORABLE
BATCH-000220,CUSTOMER-000220,3188.29,INR,RECOVERABLE,UNKNOWN,3,2,25,True,False,POLICY_BLOCKED
BATCH-000221,CUSTOMER-000221,170.5,INR,EXPIRED,UNKNOWN,0,0,38,False,False,LOW_VALUE|AGED_FAILURE|POLICY_BLOCKED|NO_ACTION_FAVORABLE
BATCH-000222,CUSTOMER-000222,4953.68,INR,RECOVERABLE,NETWORK_ERROR,1,1,4,True,True,RECENT_FAILURE|RETRY_FAVORABLE|CONTACT_FAVORABLE
BATCH-000223,CUSTOMER-000223,8012.06,INR,FAILED,UNKNOWN,1,1,9,True,False,POLICY_BLOCKED|CONTACT_FAVORABLE
BATCH-000224,CUSTOMER-000224,39095.16,INR,RECOVERABLE,NETWORK_ERROR,2,0,4,True,True,HIGH_VALUE|RECENT_FAILURE|RETRY_FAVORABLE|CONTACT_FAVORABLE|ESCALATION_FAVORABLE
BATCH-000225,CUSTOMER-000225,3782.44,INR,FAILED,CARD_DECLINED,4,3,20,False,False,POLICY_BLOCKED|NO_ACTION_FAVORABLE
BATCH-000226,CUSTOMER-000226,471.16,INR,EXPIRED,UNKNOWN,2,2,55,False,False,LOW_VALUE|AGED_FAILURE|POLICY_BLOCKED|NO_ACTION_FAVORABLE
BATCH-000227,CUSTOMER-000227,8355.31,INR,RECOVERABLE,NETWORK_ERROR,2,1,5,True,True,RECENT_FAILURE|RETRY_FAVORABLE|CONTACT_FAVORABLE
BATCH-000228,CUSTOMER-000228,1614.58,INR,RECOVERABLE,CARD_DECLINED,2,1,11,True,True,CONTACT_FAVORABLE
BATCH-000229,CUSTOMER-000229,30293.48,INR,RECOVERABLE,CARD_DECLINED,1,0,14,True,True,HIGH_VALUE|CONTACT_FAVORABLE|ESCALATION_FAVORABLE
BATCH-000230,CUSTOMER-000230,2080.91,INR,FAILED,PAYMENT_METHOD_EXPIRED,5,4,17,False,False,POLICY_BLOCKED|NO_ACTION_FAVORABLE
BATCH-000231,CUSTOMER-000231,505.65,INR,EXPIRED,PAYMENT_METHOD_EXPIRED,1,1,49,False,False,LOW_VALUE|AGED_FAILURE|POLICY_BLOCKED|NO_ACTION_FAVORABLE
BATCH-000232,CUSTOMER-000232,8226.92,INR,RECOVERABLE,INSUFFICIENT_FUNDS,2,2,3,True,True,RECENT_FAILURE|RETRY_FAVORABLE|CONTACT_FAVORABLE
BATCH-000233,CUSTOMER-000233,2357.75,INR,RECOVERABLE,CARD_DECLINED,1,0,8,True,True,CONTACT_FAVORABLE
BATCH-000234,CUSTOMER-000234,11565.69,INR,RECOVERABLE,CARD_DECLINED,2,2,14,True,True,HIGH_VALUE|CONTACT_FAVORABLE|ESCALATION_FAVORABLE
BATCH-000235,CUSTOMER-000235,10932.21,INR,RECOVERABLE,NETWORK_ERROR,4,4,26,True,True,HIGH_VALUE|POLICY_BLOCKED|ESCALATION_FAVORABLE|NO_ACTION_FAVORABLE
BATCH-000236,CUSTOMER-000236,141.89,INR,EXPIRED,UNKNOWN,2,0,51,False,False,LOW_VALUE|AGED_FAILURE|POLICY_BLOCKED|NO_ACTION_FAVORABLE
BATCH-000237,CUSTOMER-000237,3302.37,INR,RECOVERABLE,INSUFFICIENT_FUNDS,2,2,6,True,True,RECENT_FAILURE|RETRY_FAVORABLE|CONTACT_FAVORABLE
BATCH-000238,CUSTOMER-000238,8664.1,INR,FAILED,CARD_DECLINED,3,2,14,True,True,POLICY_BLOCKED|CONTACT_FAVORABLE
BATCH-000239,CUSTOMER-000239,22409.27,INR,RECOVERABLE,NETWORK_ERROR,2,2,12,True,True,HIGH_VALUE|CONTACT_FAVORABLE|ESCALATION_FAVORABLE
BATCH-000240,CUSTOMER-000240,14467.85,INR,RECOVERABLE,CARD_DECLINED,3,0,24,False,False,HIGH_VALUE|POLICY_BLOCKED|ESCALATION_FAVORABLE|NO_ACTION_FAVORABLE
BATCH-000241,CUSTOMER-000241,616.82,INR,EXPIRED,UNKNOWN,1,0,47,False,False,LOW_VALUE|AGED_FAILURE|POLICY_BLOCKED|NO_ACTION_FAVORABLE
BATCH-000242,CUSTOMER-000242,3582.08,INR,RECOVERABLE,INSUFFICIENT_FUNDS,0,0,3,True,True,RECENT_FAILURE|RETRY_FAVORABLE|CONTACT_FAVORABLE
BATCH-000243,CUSTOMER-000243,3038.89,INR,FAILED,CARD_DECLINED,1,1,3,True,True,RECENT_FAILURE|RETRY_FAVORABLE|CONTACT_FAVORABLE
BATCH-000244,CUSTOMER-000244,45055.71,INR,RECOVERABLE,CARD_DECLINED,2,0,4,True,True,HIGH_VALUE|RECENT_FAILURE|RETRY_FAVORABLE|CONTACT_FAVORABLE|ESCALATION_FAVORABLE
BATCH-000245,CUSTOMER-000245,4082.7,INR,RECOVERABLE,UNKNOWN,8,3,20,False,True,POLICY_BLOCKED|NO_ACTION_FAVORABLE
BATCH-000246,CUSTOMER-000246,875.67,INR,EXPIRED,UNKNOWN,2,0,40,False,False,LOW_VALUE|AGED_FAILURE|POLICY_BLOCKED|NO_ACTION_FAVORABLE
BATCH-000247,CUSTOMER-000247,5039.09,INR,FAILED,INSUFFICIENT_FUNDS,1,1,7,True,True,RECENT_FAILURE|RETRY_FAVORABLE|CONTACT_FAVORABLE
BATCH-000248,CUSTOMER-000248,5155.12,INR,RECOVERABLE,CARD_DECLINED,2,0,13,True,False,POLICY_BLOCKED|CONTACT_FAVORABLE
BATCH-000249,CUSTOMER-000249,42050.37,INR,RECOVERABLE,NETWORK_ERROR,0,0,8,True,True,HIGH_VALUE|CONTACT_FAVORABLE|ESCALATION_FAVORABLE
BATCH-000250,CUSTOMER-000250,17608.22,INR,FAILED,NETWORK_ERROR,7,1,18,False,True,HIGH_VALUE|POLICY_BLOCKED|ESCALATION_FAVORABLE
BATCH-000251,CUSTOMER-000251,710.49,INR,EXPIRED,PAYMENT_METHOD_EXPIRED,1,1,45,False,False,LOW_VALUE|AGED_FAILURE|POLICY_BLOCKED|NO_ACTION_FAVORABLE
BATCH-000252,CUSTOMER-000252,1279.57,INR,RECOVERABLE,NETWORK_ERROR,0,0,7,True,True,RECENT_FAILURE|RETRY_FAVORABLE|CONTACT_FAVORABLE
BATCH-000253,CUSTOMER-000253,1479.31,INR,FAILED,UNKNOWN,3,1,6,True,True,RECENT_FAILURE|POLICY_BLOCKED|CONTACT_FAVORABLE
BATCH-000254,CUSTOMER-000254,11127.5,INR,RECOVERABLE,CARD_DECLINED,0,0,20,True,True,HIGH_VALUE|ESCALATION_FAVORABLE
BATCH-000255,CUSTOMER-000255,3614.39,INR,RECOVERABLE,AUTHENTICATION_FAILED,5,4,30,False,True,POLICY_BLOCKED|NO_ACTION_FAVORABLE
BATCH-000256,CUSTOMER-000256,104.2,INR,EXPIRED,UNKNOWN,0,0,31,False,False,LOW_VALUE|AGED_FAILURE|POLICY_BLOCKED|NO_ACTION_FAVORABLE
BATCH-000257,CUSTOMER-000257,7597.19,INR,FAILED,INSUFFICIENT_FUNDS,2,0,6,True,True,RECENT_FAILURE|RETRY_FAVORABLE|CONTACT_FAVORABLE
BATCH-000258,CUSTOMER-000258,3710.36,INR,RECOVERABLE,CARD_DECLINED,1,0,4,True,False,RECENT_FAILURE|POLICY_BLOCKED|CONTACT_FAVORABLE
BATCH-000259,CUSTOMER-000259,43467.51,INR,RECOVERABLE,NETWORK_ERROR,1,0,19,True,True,HIGH_VALUE|ESCALATION_FAVORABLE
BATCH-000260,CUSTOMER-000260,14652.34,INR,RECOVERABLE,CARD_DECLINED,5,5,28,True,True,HIGH_VALUE|POLICY_BLOCKED|ESCALATION_FAVORABLE|NO_ACTION_FAVORABLE
BATCH-000261,CUSTOMER-000261,634.57,INR,EXPIRED,PAYMENT_METHOD_EXPIRED,2,2,42,False,False,LOW_VALUE|AGED_FAILURE|POLICY_BLOCKED|NO_ACTION_FAVORABLE
BATCH-000262,CUSTOMER-000262,5124.7,INR,RECOVERABLE,INSUFFICIENT_FUNDS,2,0,0,True,True,RECENT_FAILURE|RETRY_FAVORABLE|CONTACT_FAVORABLE
BATCH-000263,CUSTOMER-000263,6721.04,INR,RECOVERABLE,CARD_DECLINED,2,1,5,True,False,RECENT_FAILURE|POLICY_BLOCKED|CONTACT_FAVORABLE
BATCH-000264,CUSTOMER-000264,19645.04,INR,RECOVERABLE,NETWORK_ERROR,2,2,20,True,True,HIGH_VALUE|ESCALATION_FAVORABLE
BATCH-000265,CUSTOMER-000265,14968.55,INR,FAILED,UNKNOWN,5,3,19,True,True,HIGH_VALUE|POLICY_BLOCKED|ESCALATION_FAVORABLE|NO_ACTION_FAVORABLE
BATCH-000266,CUSTOMER-000266,884.66,INR,EXPIRED,PAYMENT_METHOD_EXPIRED,1,0,51,False,False,LOW_VALUE|AGED_FAILURE|POLICY_BLOCKED|NO_ACTION_FAVORABLE
BATCH-000267,CUSTOMER-000267,1036.35,INR,RECOVERABLE,NETWORK_ERROR,1,0,0,True,True,RECENT_FAILURE|RETRY_FAVORABLE|CONTACT_FAVORABLE
BATCH-000268,CUSTOMER-000268,8119.98,INR,RECOVERABLE,UNKNOWN,1,1,6,True,False,RECENT_FAILURE|POLICY_BLOCKED|CONTACT_FAVORABLE
BATCH-000269,CUSTOMER-000269,11464.83,INR,RECOVERABLE,CARD_DECLINED,2,1,6,True,True,HIGH_VALUE|RECENT_FAILURE|RETRY_FAVORABLE|CONTACT_FAVORABLE|ESCALATION_FAVORABLE
BATCH-000270,CUSTOMER-000270,17380.63,INR,RECOVERABLE,AUTHENTICATION_FAILED,3,3,25,True,False,HIGH_VALUE|POLICY_BLOCKED|ESCALATION_FAVORABLE|NO_ACTION_FAVORABLE
BATCH-000271,CUSTOMER-000271,815.71,INR,EXPIRED,PAYMENT_METHOD_EXPIRED,1,1,41,False,False,LOW_VALUE|AGED_FAILURE|POLICY_BLOCKED|NO_ACTION_FAVORABLE
BATCH-000272,CUSTOMER-000272,6382.58,INR,FAILED,INSUFFICIENT_FUNDS,1,0,4,True,True,RECENT_FAILURE|RETRY_FAVORABLE|CONTACT_FAVORABLE
BATCH-000273,CUSTOMER-000273,4875.46,INR,FAILED,CARD_DECLINED,1,1,9,True,True,CONTACT_FAVORABLE
BATCH-000274,CUSTOMER-000274,36436.77,INR,RECOVERABLE,CARD_DECLINED,1,0,14,True,True,HIGH_VALUE|CONTACT_FAVORABLE|ESCALATION_FAVORABLE
BATCH-000275,CUSTOMER-000275,14105.53,INR,RECOVERABLE,PAYMENT_METHOD_EXPIRED,5,3,29,True,False,HIGH_VALUE|POLICY_BLOCKED|ESCALATION_FAVORABLE|NO_ACTION_FAVORABLE
BATCH-000276,CUSTOMER-000276,319.64,INR,EXPIRED,UNKNOWN,0,0,33,False,False,LOW_VALUE|AGED_FAILURE|POLICY_BLOCKED|NO_ACTION_FAVORABLE
BATCH-000277,CUSTOMER-000277,4861.23,INR,FAILED,NETWORK_ERROR,2,2,2,True,True,RECENT_FAILURE|RETRY_FAVORABLE|CONTACT_FAVORABLE
BATCH-000278,CUSTOMER-000278,7102.8,INR,FAILED,UNKNOWN,2,1,1,True,True,RECENT_FAILURE|RETRY_FAVORABLE|CONTACT_FAVORABLE
BATCH-000279,CUSTOMER-000279,25314.18,INR,RECOVERABLE,NETWORK_ERROR,2,2,1,True,True,HIGH_VALUE|RECENT_FAILURE|RETRY_FAVORABLE|CONTACT_FAVORABLE|ESCALATION_FAVORABLE
BATCH-000280,CUSTOMER-000280,9548.53,INR,FAILED,PAYMENT_METHOD_EXPIRED,5,2,26,True,True,POLICY_BLOCKED
BATCH-000281,CUSTOMER-000281,418.43,INR,EXPIRED,PAYMENT_METHOD_EXPIRED,2,0,39,False,False,LOW_VALUE|AGED_FAILURE|POLICY_BLOCKED|NO_ACTION_FAVORABLE
BATCH-000282,CUSTOMER-000282,720.26,INR,RECOVERABLE,NETWORK_ERROR,0,0,7,True,True,LOW_VALUE|RECENT_FAILURE|RETRY_FAVORABLE|CONTACT_FAVORABLE
BATCH-000283,CUSTOMER-000283,7974.68,INR,RECOVERABLE,UNKNOWN,3,1,8,True,True,POLICY_BLOCKED|CONTACT_FAVORABLE
BATCH-000284,CUSTOMER-000284,14905.5,INR,RECOVERABLE,NETWORK_ERROR,0,0,14,True,True,HIGH_VALUE|CONTACT_FAVORABLE|ESCALATION_FAVORABLE
BATCH-000285,CUSTOMER-000285,19947.99,INR,RECOVERABLE,NETWORK_ERROR,8,2,25,False,False,HIGH_VALUE|POLICY_BLOCKED|ESCALATION_FAVORABLE|NO_ACTION_FAVORABLE
BATCH-000286,CUSTOMER-000286,669.45,INR,EXPIRED,PAYMENT_METHOD_EXPIRED,2,1,51,False,False,LOW_VALUE|AGED_FAILURE|POLICY_BLOCKED|NO_ACTION_FAVORABLE
BATCH-000287,CUSTOMER-000287,4824.42,INR,FAILED,NETWORK_ERROR,0,0,3,True,True,RECENT_FAILURE|RETRY_FAVORABLE|CONTACT_FAVORABLE
BATCH-000288,CUSTOMER-000288,1236.56,INR,FAILED,CARD_DECLINED,3,0,10,True,False,POLICY_BLOCKED|CONTACT_FAVORABLE
BATCH-000289,CUSTOMER-000289,22371.63,INR,RECOVERABLE,CARD_DECLINED,2,1,15,True,True,HIGH_VALUE|ESCALATION_FAVORABLE
BATCH-000290,CUSTOMER-000290,16643.45,INR,RECOVERABLE,AUTHENTICATION_FAILED,3,2,19,False,False,HIGH_VALUE|POLICY_BLOCKED|ESCALATION_FAVORABLE|NO_ACTION_FAVORABLE
BATCH-000291,CUSTOMER-000291,202.67,INR,EXPIRED,PAYMENT_METHOD_EXPIRED,2,0,51,False,False,LOW_VALUE|AGED_FAILURE|POLICY_BLOCKED|NO_ACTION_FAVORABLE
BATCH-000292,CUSTOMER-000292,4177.26,INR,FAILED,INSUFFICIENT_FUNDS,0,0,1,True,True,RECENT_FAILURE|RETRY_FAVORABLE|CONTACT_FAVORABLE
BATCH-000293,CUSTOMER-000293,2457.7,INR,RECOVERABLE,CARD_DECLINED,3,2,4,True,True,RECENT_FAILURE|POLICY_BLOCKED|CONTACT_FAVORABLE
BATCH-000294,CUSTOMER-000294,17852.08,INR,RECOVERABLE,NETWORK_ERROR,2,2,8,True,True,HIGH_VALUE|CONTACT_FAVORABLE|ESCALATION_FAVORABLE
BATCH-000295,CUSTOMER-000295,6753.67,INR,FAILED,CARD_DECLINED,7,5,17,False,True,POLICY_BLOCKED|NO_ACTION_FAVORABLE
BATCH-000296,CUSTOMER-000296,774.02,INR,EXPIRED,PAYMENT_METHOD_EXPIRED,2,0,32,False,False,LOW_VALUE|AGED_FAILURE|POLICY_BLOCKED|NO_ACTION_FAVORABLE
BATCH-000297,CUSTOMER-000297,886.43,INR,FAILED,INSUFFICIENT_FUNDS,2,2,4,True,True,LOW_VALUE|RECENT_FAILURE|RETRY_FAVORABLE|CONTACT_FAVORABLE
BATCH-000298,CUSTOMER-000298,6750.92,INR,RECOVERABLE,UNKNOWN,2,0,11,True,False,POLICY_BLOCKED|CONTACT_FAVORABLE
BATCH-000299,CUSTOMER-000299,42187.53,INR,RECOVERABLE,CARD_DECLINED,2,1,12,True,True,HIGH_VALUE|CONTACT_FAVORABLE|ESCALATION_FAVORABLE
BATCH-000300,CUSTOMER-000300,2386.49,INR,FAILED,NETWORK_ERROR,3,1,20,True,True,POLICY_BLOCKED
BATCH-000301,CUSTOMER-000301,350.07,INR,EXPIRED,UNKNOWN,2,1,41,False,False,LOW_VALUE|AGED_FAILURE|POLICY_BLOCKED|NO_ACTION_FAVORABLE
BATCH-000302,CUSTOMER-000302,1611.51,INR,RECOVERABLE,NETWORK_ERROR,1,1,1,True,True,RECENT_FAILURE|RETRY_FAVORABLE|CONTACT_FAVORABLE
BATCH-000303,CUSTOMER-000303,2102.7,INR,FAILED,UNKNOWN,2,1,4,True,True,RECENT_FAILURE|RETRY_FAVORABLE|CONTACT_FAVORABLE
BATCH-000304,CUSTOMER-000304,44566.55,INR,RECOVERABLE,NETWORK_ERROR,1,1,7,True,True,HIGH_VALUE|RECENT_FAILURE|RETRY_FAVORABLE|CONTACT_FAVORABLE|ESCALATION_FAVORABLE
BATCH-000305,CUSTOMER-000305,18741.28,INR,RECOVERABLE,AUTHENTICATION_FAILED,8,4,25,True,True,HIGH_VALUE|POLICY_BLOCKED|ESCALATION_FAVORABLE|NO_ACTION_FAVORABLE
BATCH-000306,CUSTOMER-000306,497.9,INR,EXPIRED,UNKNOWN,0,0,43,False,False,LOW_VALUE|AGED_FAILURE|POLICY_BLOCKED|NO_ACTION_FAVORABLE
BATCH-000307,CUSTOMER-000307,2328.73,INR,FAILED,INSUFFICIENT_FUNDS,1,1,0,True,True,RECENT_FAILURE|RETRY_FAVORABLE|CONTACT_FAVORABLE
BATCH-000308,CUSTOMER-000308,6377.67,INR,FAILED,CARD_DECLINED,3,3,11,True,False,POLICY_BLOCKED|NO_ACTION_FAVORABLE
BATCH-000309,CUSTOMER-000309,15357.4,INR,RECOVERABLE,CARD_DECLINED,1,1,11,True,True,HIGH_VALUE|CONTACT_FAVORABLE|ESCALATION_FAVORABLE
BATCH-000310,CUSTOMER-000310,1859.61,INR,RECOVERABLE,PAYMENT_METHOD_EXPIRED,3,3,21,True,True,POLICY_BLOCKED|NO_ACTION_FAVORABLE
BATCH-000311,CUSTOMER-000311,711.52,INR,EXPIRED,PAYMENT_METHOD_EXPIRED,1,0,57,False,False,LOW_VALUE|AGED_FAILURE|POLICY_BLOCKED|NO_ACTION_FAVORABLE
BATCH-000312,CUSTOMER-000312,8788.2,INR,RECOVERABLE,INSUFFICIENT_FUNDS,1,0,5,True,True,RECENT_FAILURE|RETRY_FAVORABLE|CONTACT_FAVORABLE
BATCH-000313,CUSTOMER-000313,2791.52,INR,FAILED,CARD_DECLINED,3,1,7,True,False,RECENT_FAILURE|POLICY_BLOCKED|CONTACT_FAVORABLE
BATCH-000314,CUSTOMER-000314,38543.67,INR,RECOVERABLE,CARD_DECLINED,1,0,16,True,True,HIGH_VALUE|ESCALATION_FAVORABLE
BATCH-000315,CUSTOMER-000315,12518.95,INR,FAILED,AUTHENTICATION_FAILED,7,4,19,True,False,HIGH_VALUE|POLICY_BLOCKED|ESCALATION_FAVORABLE|NO_ACTION_FAVORABLE
BATCH-000316,CUSTOMER-000316,574.98,INR,EXPIRED,UNKNOWN,2,2,57,False,False,LOW_VALUE|AGED_FAILURE|POLICY_BLOCKED|NO_ACTION_FAVORABLE
BATCH-000317,CUSTOMER-000317,5284.86,INR,RECOVERABLE,INSUFFICIENT_FUNDS,1,0,0,True,True,RECENT_FAILURE|RETRY_FAVORABLE|CONTACT_FAVORABLE
BATCH-000318,CUSTOMER-000318,9819.08,INR,FAILED,UNKNOWN,3,2,5,True,False,RECENT_FAILURE|POLICY_BLOCKED|CONTACT_FAVORABLE
BATCH-000319,CUSTOMER-000319,48682.83,INR,RECOVERABLE,NETWORK_ERROR,2,2,18,True,True,HIGH_VALUE|ESCALATION_FAVORABLE
BATCH-000320,CUSTOMER-000320,1975.75,INR,RECOVERABLE,CARD_DECLINED,6,6,20,False,False,POLICY_BLOCKED|NO_ACTION_FAVORABLE
BATCH-000321,CUSTOMER-000321,644.58,INR,EXPIRED,PAYMENT_METHOD_EXPIRED,0,0,49,False,False,LOW_VALUE|AGED_FAILURE|POLICY_BLOCKED|NO_ACTION_FAVORABLE
BATCH-000322,CUSTOMER-000322,660.97,INR,FAILED,INSUFFICIENT_FUNDS,1,0,6,True,True,LOW_VALUE|RECENT_FAILURE|RETRY_FAVORABLE|CONTACT_FAVORABLE
BATCH-000323,CUSTOMER-000323,4693.4,INR,FAILED,CARD_DECLINED,3,1,8,True,False,POLICY_BLOCKED|CONTACT_FAVORABLE
BATCH-000324,CUSTOMER-000324,32435.47,INR,RECOVERABLE,CARD_DECLINED,2,1,15,True,True,HIGH_VALUE|ESCALATION_FAVORABLE
BATCH-000325,CUSTOMER-000325,19177.02,INR,RECOVERABLE,PAYMENT_METHOD_EXPIRED,6,3,25,False,False,HIGH_VALUE|POLICY_BLOCKED|ESCALATION_FAVORABLE|NO_ACTION_FAVORABLE
BATCH-000326,CUSTOMER-000326,253.81,INR,EXPIRED,UNKNOWN,0,0,39,False,False,LOW_VALUE|AGED_FAILURE|POLICY_BLOCKED|NO_ACTION_FAVORABLE
BATCH-000327,CUSTOMER-000327,8502.63,INR,FAILED,INSUFFICIENT_FUNDS,1,1,4,True,True,RECENT_FAILURE|RETRY_FAVORABLE|CONTACT_FAVORABLE
BATCH-000328,CUSTOMER-000328,5318.23,INR,RECOVERABLE,CARD_DECLINED,3,3,13,True,False,POLICY_BLOCKED|NO_ACTION_FAVORABLE
BATCH-000329,CUSTOMER-000329,45830.42,INR,RECOVERABLE,NETWORK_ERROR,1,1,11,True,True,HIGH_VALUE|CONTACT_FAVORABLE|ESCALATION_FAVORABLE
BATCH-000330,CUSTOMER-000330,1799.26,INR,RECOVERABLE,UNKNOWN,8,7,17,True,True,POLICY_BLOCKED|NO_ACTION_FAVORABLE
BATCH-000331,CUSTOMER-000331,271.19,INR,EXPIRED,UNKNOWN,2,0,39,False,False,LOW_VALUE|AGED_FAILURE|POLICY_BLOCKED|NO_ACTION_FAVORABLE
BATCH-000332,CUSTOMER-000332,1428.43,INR,FAILED,NETWORK_ERROR,2,2,3,True,True,RECENT_FAILURE|RETRY_FAVORABLE|CONTACT_FAVORABLE
BATCH-000333,CUSTOMER-000333,9146.66,INR,FAILED,UNKNOWN,1,1,11,True,True,CONTACT_FAVORABLE
BATCH-000334,CUSTOMER-000334,38694.32,INR,RECOVERABLE,NETWORK_ERROR,0,0,4,True,True,HIGH_VALUE|RECENT_FAILURE|RETRY_FAVORABLE|CONTACT_FAVORABLE|ESCALATION_FAVORABLE
BATCH-000335,CUSTOMER-000335,8731.24,INR,RECOVERABLE,NETWORK_ERROR,6,2,30,False,False,POLICY_BLOCKED|NO_ACTION_FAVORABLE
BATCH-000336,CUSTOMER-000336,616.72,INR,EXPIRED,PAYMENT_METHOD_EXPIRED,0,0,51,False,False,LOW_VALUE|AGED_FAILURE|POLICY_BLOCKED|NO_ACTION_FAVORABLE
BATCH-000337,CUSTOMER-000337,8262.45,INR,FAILED,NETWORK_ERROR,0,0,6,True,True,RECENT_FAILURE|RETRY_FAVORABLE|CONTACT_FAVORABLE
BATCH-000338,CUSTOMER-000338,8091.65,INR,RECOVERABLE,CARD_DECLINED,1,0,12,True,False,POLICY_BLOCKED|CONTACT_FAVORABLE
BATCH-000339,CUSTOMER-000339,21935.69,INR,RECOVERABLE,CARD_DECLINED,2,1,3,True,True,HIGH_VALUE|RECENT_FAILURE|RETRY_FAVORABLE|CONTACT_FAVORABLE|ESCALATION_FAVORABLE
BATCH-000340,CUSTOMER-000340,9632.63,INR,RECOVERABLE,NETWORK_ERROR,8,3,30,False,True,POLICY_BLOCKED|NO_ACTION_FAVORABLE
BATCH-000341,CUSTOMER-000341,747.05,INR,EXPIRED,UNKNOWN,1,1,36,False,False,LOW_VALUE|AGED_FAILURE|POLICY_BLOCKED|NO_ACTION_FAVORABLE
BATCH-000342,CUSTOMER-000342,6608.08,INR,RECOVERABLE,NETWORK_ERROR,0,0,5,True,True,RECENT_FAILURE|RETRY_FAVORABLE|CONTACT_FAVORABLE
BATCH-000343,CUSTOMER-000343,6498.59,INR,RECOVERABLE,CARD_DECLINED,3,3,7,True,False,RECENT_FAILURE|POLICY_BLOCKED|NO_ACTION_FAVORABLE
BATCH-000344,CUSTOMER-000344,36770.23,INR,RECOVERABLE,CARD_DECLINED,0,0,4,True,True,HIGH_VALUE|RECENT_FAILURE|RETRY_FAVORABLE|CONTACT_FAVORABLE|ESCALATION_FAVORABLE
BATCH-000345,CUSTOMER-000345,18780.68,INR,RECOVERABLE,NETWORK_ERROR,3,2,23,True,True,HIGH_VALUE|POLICY_BLOCKED|ESCALATION_FAVORABLE
BATCH-000346,CUSTOMER-000346,565.97,INR,EXPIRED,UNKNOWN,2,2,31,False,False,LOW_VALUE|AGED_FAILURE|POLICY_BLOCKED|NO_ACTION_FAVORABLE
BATCH-000347,CUSTOMER-000347,3556.19,INR,FAILED,INSUFFICIENT_FUNDS,0,0,0,True,True,RECENT_FAILURE|RETRY_FAVORABLE|CONTACT_FAVORABLE
BATCH-000348,CUSTOMER-000348,2437.45,INR,RECOVERABLE,CARD_DECLINED,3,2,9,True,False,POLICY_BLOCKED|CONTACT_FAVORABLE
BATCH-000349,CUSTOMER-000349,24701.76,INR,RECOVERABLE,NETWORK_ERROR,0,0,7,True,True,HIGH_VALUE|RECENT_FAILURE|RETRY_FAVORABLE|CONTACT_FAVORABLE|ESCALATION_FAVORABLE
BATCH-000350,CUSTOMER-000350,3910.53,INR,RECOVERABLE,PAYMENT_METHOD_EXPIRED,8,3,26,True,True,POLICY_BLOCKED|NO_ACTION_FAVORABLE
BATCH-000351,CUSTOMER-000351,709.49,INR,EXPIRED,PAYMENT_METHOD_EXPIRED,2,2,55,False,False,LOW_VALUE|AGED_FAILURE|POLICY_BLOCKED|NO_ACTION_FAVORABLE
BATCH-000352,CUSTOMER-000352,4297.36,INR,FAILED,NETWORK_ERROR,2,0,5,True,True,RECENT_FAILURE|RETRY_FAVORABLE|CONTACT_FAVORABLE
BATCH-000353,CUSTOMER-000353,8458.97,INR,FAILED,CARD_DECLINED,3,2,4,True,False,RECENT_FAILURE|POLICY_BLOCKED|CONTACT_FAVORABLE
BATCH-000354,CUSTOMER-000354,44179.44,INR,RECOVERABLE,NETWORK_ERROR,1,1,3,True,True,HIGH_VALUE|RECENT_FAILURE|RETRY_FAVORABLE|CONTACT_FAVORABLE|ESCALATION_FAVORABLE
BATCH-000355,CUSTOMER-000355,2727.89,INR,RECOVERABLE,AUTHENTICATION_FAILED,7,0,29,False,True,POLICY_BLOCKED
BATCH-000356,CUSTOMER-000356,547.04,INR,EXPIRED,UNKNOWN,2,2,56,False,False,LOW_VALUE|AGED_FAILURE|POLICY_BLOCKED|NO_ACTION_FAVORABLE
BATCH-000357,CUSTOMER-000357,685.05,INR,FAILED,NETWORK_ERROR,1,0,0,True,True,LOW_VALUE|RECENT_FAILURE|RETRY_FAVORABLE|CONTACT_FAVORABLE
BATCH-000358,CUSTOMER-000358,4813.28,INR,FAILED,CARD_DECLINED,3,3,2,True,False,RECENT_FAILURE|POLICY_BLOCKED|NO_ACTION_FAVORABLE
BATCH-000359,CUSTOMER-000359,11269.39,INR,RECOVERABLE,NETWORK_ERROR,1,1,5,True,True,HIGH_VALUE|RECENT_FAILURE|RETRY_FAVORABLE|CONTACT_FAVORABLE|ESCALATION_FAVORABLE
BATCH-000360,CUSTOMER-000360,8114.76,INR,RECOVERABLE,INSUFFICIENT_FUNDS,6,5,29,False,False,POLICY_BLOCKED|NO_ACTION_FAVORABLE
BATCH-000361,CUSTOMER-000361,871.32,INR,EXPIRED,UNKNOWN,2,0,35,False,False,LOW_VALUE|AGED_FAILURE|POLICY_BLOCKED|NO_ACTION_FAVORABLE
BATCH-000362,CUSTOMER-000362,2017.03,INR,FAILED,NETWORK_ERROR,2,0,6,True,True,RECENT_FAILURE|RETRY_FAVORABLE|CONTACT_FAVORABLE
BATCH-000363,CUSTOMER-000363,7805.61,INR,RECOVERABLE,UNKNOWN,2,0,8,True,False,POLICY_BLOCKED|CONTACT_FAVORABLE
BATCH-000364,CUSTOMER-000364,19900.48,INR,RECOVERABLE,CARD_DECLINED,1,0,4,True,True,HIGH_VALUE|RECENT_FAILURE|RETRY_FAVORABLE|CONTACT_FAVORABLE|ESCALATION_FAVORABLE
BATCH-000365,CUSTOMER-000365,18810.8,INR,FAILED,CARD_DECLINED,8,3,18,True,False,HIGH_VALUE|POLICY_BLOCKED|ESCALATION_FAVORABLE|NO_ACTION_FAVORABLE
BATCH-000366,CUSTOMER-000366,153.83,INR,EXPIRED,UNKNOWN,2,2,32,False,False,LOW_VALUE|AGED_FAILURE|POLICY_BLOCKED|NO_ACTION_FAVORABLE
BATCH-000367,CUSTOMER-000367,6212.2,INR,FAILED,INSUFFICIENT_FUNDS,0,0,3,True,True,RECENT_FAILURE|RETRY_FAVORABLE|CONTACT_FAVORABLE
BATCH-000368,CUSTOMER-000368,3109.05,INR,FAILED,CARD_DECLINED,1,1,13,True,False,POLICY_BLOCKED|CONTACT_FAVORABLE
BATCH-000369,CUSTOMER-000369,19366.46,INR,RECOVERABLE,CARD_DECLINED,2,2,18,True,True,HIGH_VALUE|ESCALATION_FAVORABLE
BATCH-000370,CUSTOMER-000370,12360.44,INR,FAILED,AUTHENTICATION_FAILED,8,4,25,True,False,HIGH_VALUE|POLICY_BLOCKED|ESCALATION_FAVORABLE|NO_ACTION_FAVORABLE
BATCH-000371,CUSTOMER-000371,320.12,INR,EXPIRED,PAYMENT_METHOD_EXPIRED,2,2,49,False,False,LOW_VALUE|AGED_FAILURE|POLICY_BLOCKED|NO_ACTION_FAVORABLE
BATCH-000372,CUSTOMER-000372,6269.38,INR,FAILED,INSUFFICIENT_FUNDS,2,2,7,True,True,RECENT_FAILURE|RETRY_FAVORABLE|CONTACT_FAVORABLE
BATCH-000373,CUSTOMER-000373,7042.08,INR,RECOVERABLE,CARD_DECLINED,3,2,6,True,False,RECENT_FAILURE|POLICY_BLOCKED|CONTACT_FAVORABLE
BATCH-000374,CUSTOMER-000374,25058.41,INR,RECOVERABLE,NETWORK_ERROR,2,0,15,True,True,HIGH_VALUE|ESCALATION_FAVORABLE
BATCH-000375,CUSTOMER-000375,6713.99,INR,RECOVERABLE,AUTHENTICATION_FAILED,8,8,19,False,False,POLICY_BLOCKED|NO_ACTION_FAVORABLE
BATCH-000376,CUSTOMER-000376,523.99,INR,EXPIRED,UNKNOWN,1,0,38,False,False,LOW_VALUE|AGED_FAILURE|POLICY_BLOCKED|NO_ACTION_FAVORABLE
BATCH-000377,CUSTOMER-000377,3307.24,INR,RECOVERABLE,NETWORK_ERROR,0,0,7,True,True,RECENT_FAILURE|RETRY_FAVORABLE|CONTACT_FAVORABLE
BATCH-000378,CUSTOMER-000378,1463.83,INR,FAILED,CARD_DECLINED,2,0,11,True,False,POLICY_BLOCKED|CONTACT_FAVORABLE
BATCH-000379,CUSTOMER-000379,42186.02,INR,RECOVERABLE,NETWORK_ERROR,2,1,17,True,True,HIGH_VALUE|ESCALATION_FAVORABLE
BATCH-000380,CUSTOMER-000380,4968.89,INR,FAILED,UNKNOWN,5,0,24,False,True,POLICY_BLOCKED
BATCH-000381,CUSTOMER-000381,697.5,INR,EXPIRED,PAYMENT_METHOD_EXPIRED,1,0,60,False,False,LOW_VALUE|AGED_FAILURE|POLICY_BLOCKED|NO_ACTION_FAVORABLE
BATCH-000382,CUSTOMER-000382,3871.37,INR,RECOVERABLE,INSUFFICIENT_FUNDS,0,0,5,True,True,RECENT_FAILURE|RETRY_FAVORABLE|CONTACT_FAVORABLE
BATCH-000383,CUSTOMER-000383,5802.85,INR,RECOVERABLE,UNKNOWN,2,0,5,True,True,RECENT_FAILURE|RETRY_FAVORABLE|CONTACT_FAVORABLE
BATCH-000384,CUSTOMER-000384,42112.66,INR,RECOVERABLE,CARD_DECLINED,2,0,15,True,True,HIGH_VALUE|ESCALATION_FAVORABLE
BATCH-000385,CUSTOMER-000385,8043.39,INR,FAILED,INSUFFICIENT_FUNDS,6,2,16,False,True,POLICY_BLOCKED
BATCH-000386,CUSTOMER-000386,542.65,INR,EXPIRED,UNKNOWN,2,1,49,False,False,LOW_VALUE|AGED_FAILURE|POLICY_BLOCKED|NO_ACTION_FAVORABLE
BATCH-000387,CUSTOMER-000387,1795.5,INR,RECOVERABLE,NETWORK_ERROR,1,1,3,True,True,RECENT_FAILURE|RETRY_FAVORABLE|CONTACT_FAVORABLE
BATCH-000388,CUSTOMER-000388,5955.78,INR,RECOVERABLE,UNKNOWN,3,3,6,True,True,RECENT_FAILURE|POLICY_BLOCKED|NO_ACTION_FAVORABLE
BATCH-000389,CUSTOMER-000389,16729.35,INR,RECOVERABLE,NETWORK_ERROR,1,1,5,True,True,HIGH_VALUE|RECENT_FAILURE|RETRY_FAVORABLE|CONTACT_FAVORABLE|ESCALATION_FAVORABLE
BATCH-000390,CUSTOMER-000390,4496.91,INR,FAILED,UNKNOWN,7,0,16,False,False,POLICY_BLOCKED|NO_ACTION_FAVORABLE
BATCH-000391,CUSTOMER-000391,711.47,INR,EXPIRED,PAYMENT_METHOD_EXPIRED,1,0,35,False,False,LOW_VALUE|AGED_FAILURE|POLICY_BLOCKED|NO_ACTION_FAVORABLE
BATCH-000392,CUSTOMER-000392,6510.94,INR,RECOVERABLE,INSUFFICIENT_FUNDS,0,0,3,True,True,RECENT_FAILURE|RETRY_FAVORABLE|CONTACT_FAVORABLE
BATCH-000393,CUSTOMER-000393,6560.52,INR,RECOVERABLE,CARD_DECLINED,3,0,10,True,False,POLICY_BLOCKED|CONTACT_FAVORABLE
BATCH-000394,CUSTOMER-000394,31288.5,INR,RECOVERABLE,NETWORK_ERROR,1,1,0,True,True,HIGH_VALUE|RECENT_FAILURE|RETRY_FAVORABLE|CONTACT_FAVORABLE|ESCALATION_FAVORABLE
BATCH-000395,CUSTOMER-000395,11179.02,INR,RECOVERABLE,CARD_DECLINED,5,0,15,False,False,HIGH_VALUE|POLICY_BLOCKED|ESCALATION_FAVORABLE|NO_ACTION_FAVORABLE
BATCH-000396,CUSTOMER-000396,834.44,INR,EXPIRED,PAYMENT_METHOD_EXPIRED,2,0,35,False,False,LOW_VALUE|AGED_FAILURE|POLICY_BLOCKED|NO_ACTION_FAVORABLE
BATCH-000397,CUSTOMER-000397,5768.14,INR,RECOVERABLE,INSUFFICIENT_FUNDS,1,0,5,True,True,RECENT_FAILURE|RETRY_FAVORABLE|CONTACT_FAVORABLE
BATCH-000398,CUSTOMER-000398,4357.46,INR,FAILED,UNKNOWN,2,2,8,True,False,POLICY_BLOCKED|CONTACT_FAVORABLE
BATCH-000399,CUSTOMER-000399,43122.48,INR,RECOVERABLE,NETWORK_ERROR,0,0,20,True,True,HIGH_VALUE|ESCALATION_FAVORABLE
BATCH-000400,CUSTOMER-000400,8700.29,INR,FAILED,INSUFFICIENT_FUNDS,6,3,30,True,True,POLICY_BLOCKED|NO_ACTION_FAVORABLE
BATCH-000401,CUSTOMER-000401,776.26,INR,EXPIRED,UNKNOWN,2,2,56,False,False,LOW_VALUE|AGED_FAILURE|POLICY_BLOCKED|NO_ACTION_FAVORABLE
BATCH-000402,CUSTOMER-000402,8807.3,INR,FAILED,NETWORK_ERROR,0,0,0,True,True,RECENT_FAILURE|RETRY_FAVORABLE|CONTACT_FAVORABLE
BATCH-000403,CUSTOMER-000403,3439.86,INR,FAILED,CARD_DECLINED,1,1,11,True,False,POLICY_BLOCKED|CONTACT_FAVORABLE
BATCH-000404,CUSTOMER-000404,10626.32,INR,RECOVERABLE,NETWORK_ERROR,0,0,18,True,True,HIGH_VALUE|ESCALATION_FAVORABLE
BATCH-000405,CUSTOMER-000405,18648.62,INR,RECOVERABLE,UNKNOWN,5,4,20,False,False,HIGH_VALUE|POLICY_BLOCKED|ESCALATION_FAVORABLE|NO_ACTION_FAVORABLE
BATCH-000406,CUSTOMER-000406,365.38,INR,EXPIRED,PAYMENT_METHOD_EXPIRED,2,2,35,False,False,LOW_VALUE|AGED_FAILURE|POLICY_BLOCKED|NO_ACTION_FAVORABLE
BATCH-000407,CUSTOMER-000407,6836.38,INR,FAILED,INSUFFICIENT_FUNDS,1,0,0,True,True,RECENT_FAILURE|RETRY_FAVORABLE|CONTACT_FAVORABLE
BATCH-000408,CUSTOMER-000408,8548.07,INR,RECOVERABLE,UNKNOWN,2,0,10,True,False,POLICY_BLOCKED|CONTACT_FAVORABLE
BATCH-000409,CUSTOMER-000409,35364.92,INR,RECOVERABLE,NETWORK_ERROR,1,1,15,True,True,HIGH_VALUE|ESCALATION_FAVORABLE
BATCH-000410,CUSTOMER-000410,11507.72,INR,RECOVERABLE,INSUFFICIENT_FUNDS,6,6,28,True,False,HIGH_VALUE|POLICY_BLOCKED|ESCALATION_FAVORABLE|NO_ACTION_FAVORABLE
BATCH-000411,CUSTOMER-000411,594.89,INR,EXPIRED,PAYMENT_METHOD_EXPIRED,0,0,53,False,False,LOW_VALUE|AGED_FAILURE|POLICY_BLOCKED|NO_ACTION_FAVORABLE
BATCH-000412,CUSTOMER-000412,2777.76,INR,RECOVERABLE,INSUFFICIENT_FUNDS,1,1,2,True,True,RECENT_FAILURE|RETRY_FAVORABLE|CONTACT_FAVORABLE
BATCH-000413,CUSTOMER-000413,1958.96,INR,RECOVERABLE,CARD_DECLINED,1,0,5,True,False,RECENT_FAILURE|POLICY_BLOCKED|CONTACT_FAVORABLE
BATCH-000414,CUSTOMER-000414,13491.89,INR,RECOVERABLE,CARD_DECLINED,1,0,14,True,True,HIGH_VALUE|CONTACT_FAVORABLE|ESCALATION_FAVORABLE
BATCH-000415,CUSTOMER-000415,1498.98,INR,RECOVERABLE,INSUFFICIENT_FUNDS,5,2,17,False,False,POLICY_BLOCKED|NO_ACTION_FAVORABLE
BATCH-000416,CUSTOMER-000416,431.05,INR,EXPIRED,PAYMENT_METHOD_EXPIRED,0,0,54,False,False,LOW_VALUE|AGED_FAILURE|POLICY_BLOCKED|NO_ACTION_FAVORABLE
BATCH-000417,CUSTOMER-000417,6325.19,INR,RECOVERABLE,INSUFFICIENT_FUNDS,0,0,2,True,True,RECENT_FAILURE|RETRY_FAVORABLE|CONTACT_FAVORABLE
BATCH-000418,CUSTOMER-000418,5438.12,INR,RECOVERABLE,UNKNOWN,1,1,3,True,False,RECENT_FAILURE|POLICY_BLOCKED|CONTACT_FAVORABLE
BATCH-000419,CUSTOMER-000419,41306.66,INR,RECOVERABLE,NETWORK_ERROR,1,1,8,True,True,HIGH_VALUE|CONTACT_FAVORABLE|ESCALATION_FAVORABLE
BATCH-000420,CUSTOMER-000420,12282.32,INR,RECOVERABLE,NETWORK_ERROR,4,4,29,True,True,HIGH_VALUE|POLICY_BLOCKED|ESCALATION_FAVORABLE|NO_ACTION_FAVORABLE
BATCH-000421,CUSTOMER-000421,403.91,INR,EXPIRED,UNKNOWN,1,1,45,False,False,LOW_VALUE|AGED_FAILURE|POLICY_BLOCKED|NO_ACTION_FAVORABLE
BATCH-000422,CUSTOMER-000422,7431.54,INR,RECOVERABLE,INSUFFICIENT_FUNDS,2,2,2,True,True,RECENT_FAILURE|RETRY_FAVORABLE|CONTACT_FAVORABLE
BATCH-000423,CUSTOMER-000423,9525.51,INR,RECOVERABLE,UNKNOWN,1,1,8,True,True,CONTACT_FAVORABLE
BATCH-000424,CUSTOMER-000424,39394.97,INR,RECOVERABLE,NETWORK_ERROR,2,1,15,True,True,HIGH_VALUE|ESCALATION_FAVORABLE
BATCH-000425,CUSTOMER-000425,8145.05,INR,FAILED,UNKNOWN,6,6,26,True,False,POLICY_BLOCKED|NO_ACTION_FAVORABLE
BATCH-000426,CUSTOMER-000426,540.08,INR,EXPIRED,PAYMENT_METHOD_EXPIRED,2,1,45,False,False,LOW_VALUE|AGED_FAILURE|POLICY_BLOCKED|NO_ACTION_FAVORABLE
BATCH-000427,CUSTOMER-000427,7280.33,INR,RECOVERABLE,INSUFFICIENT_FUNDS,2,0,1,True,True,RECENT_FAILURE|RETRY_FAVORABLE|CONTACT_FAVORABLE
BATCH-000428,CUSTOMER-000428,6700.02,INR,RECOVERABLE,UNKNOWN,1,0,5,True,False,RECENT_FAILURE|POLICY_BLOCKED|CONTACT_FAVORABLE
BATCH-000429,CUSTOMER-000429,27962.67,INR,RECOVERABLE,CARD_DECLINED,2,2,15,True,True,HIGH_VALUE|ESCALATION_FAVORABLE
BATCH-000430,CUSTOMER-000430,10625.64,INR,RECOVERABLE,UNKNOWN,8,8,28,False,False,HIGH_VALUE|POLICY_BLOCKED|ESCALATION_FAVORABLE|NO_ACTION_FAVORABLE
BATCH-000431,CUSTOMER-000431,575.06,INR,EXPIRED,PAYMENT_METHOD_EXPIRED,0,0,34,False,False,LOW_VALUE|AGED_FAILURE|POLICY_BLOCKED|NO_ACTION_FAVORABLE
BATCH-000432,CUSTOMER-000432,1913.88,INR,RECOVERABLE,INSUFFICIENT_FUNDS,2,1,0,True,True,RECENT_FAILURE|RETRY_FAVORABLE|CONTACT_FAVORABLE
BATCH-000433,CUSTOMER-000433,1953.5,INR,FAILED,UNKNOWN,1,1,5,True,True,RECENT_FAILURE|RETRY_FAVORABLE|CONTACT_FAVORABLE
BATCH-000434,CUSTOMER-000434,25645.37,INR,RECOVERABLE,NETWORK_ERROR,2,1,18,True,True,HIGH_VALUE|ESCALATION_FAVORABLE
BATCH-000435,CUSTOMER-000435,19956.35,INR,FAILED,INSUFFICIENT_FUNDS,6,6,18,True,False,HIGH_VALUE|POLICY_BLOCKED|ESCALATION_FAVORABLE|NO_ACTION_FAVORABLE
BATCH-000436,CUSTOMER-000436,852.54,INR,EXPIRED,UNKNOWN,0,0,42,False,False,LOW_VALUE|AGED_FAILURE|POLICY_BLOCKED|NO_ACTION_FAVORABLE
BATCH-000437,CUSTOMER-000437,4370.33,INR,RECOVERABLE,INSUFFICIENT_FUNDS,0,0,7,True,True,RECENT_FAILURE|RETRY_FAVORABLE|CONTACT_FAVORABLE
BATCH-000438,CUSTOMER-000438,4943.49,INR,RECOVERABLE,CARD_DECLINED,3,0,8,True,True,POLICY_BLOCKED|CONTACT_FAVORABLE
BATCH-000439,CUSTOMER-000439,10903.4,INR,RECOVERABLE,NETWORK_ERROR,1,0,20,True,True,HIGH_VALUE|ESCALATION_FAVORABLE
BATCH-000440,CUSTOMER-000440,18668.53,INR,RECOVERABLE,PAYMENT_METHOD_EXPIRED,8,6,22,False,False,HIGH_VALUE|POLICY_BLOCKED|ESCALATION_FAVORABLE|NO_ACTION_FAVORABLE
BATCH-000441,CUSTOMER-000441,866.77,INR,EXPIRED,UNKNOWN,0,0,56,False,False,LOW_VALUE|AGED_FAILURE|POLICY_BLOCKED|NO_ACTION_FAVORABLE
BATCH-000442,CUSTOMER-000442,2084.29,INR,RECOVERABLE,NETWORK_ERROR,2,2,6,True,True,RECENT_FAILURE|RETRY_FAVORABLE|CONTACT_FAVORABLE
BATCH-000443,CUSTOMER-000443,6526.96,INR,RECOVERABLE,CARD_DECLINED,1,0,8,True,False,POLICY_BLOCKED|CONTACT_FAVORABLE
BATCH-000444,CUSTOMER-000444,18231.38,INR,RECOVERABLE,NETWORK_ERROR,2,2,2,True,True,HIGH_VALUE|RECENT_FAILURE|RETRY_FAVORABLE|CONTACT_FAVORABLE|ESCALATION_FAVORABLE
BATCH-000445,CUSTOMER-000445,4552.24,INR,RECOVERABLE,PAYMENT_METHOD_EXPIRED,5,5,21,False,True,POLICY_BLOCKED|NO_ACTION_FAVORABLE
BATCH-000446,CUSTOMER-000446,350.72,INR,EXPIRED,UNKNOWN,1,0,50,False,False,LOW_VALUE|AGED_FAILURE|POLICY_BLOCKED|NO_ACTION_FAVORABLE
BATCH-000447,CUSTOMER-000447,3457.36,INR,RECOVERABLE,NETWORK_ERROR,1,0,2,True,True,RECENT_FAILURE|RETRY_FAVORABLE|CONTACT_FAVORABLE
BATCH-000448,CUSTOMER-000448,3818.67,INR,RECOVERABLE,CARD_DECLINED,1,1,5,True,True,RECENT_FAILURE|RETRY_FAVORABLE|CONTACT_FAVORABLE
BATCH-000449,CUSTOMER-000449,26729.56,INR,RECOVERABLE,CARD_DECLINED,0,0,18,True,True,HIGH_VALUE|ESCALATION_FAVORABLE
BATCH-000450,CUSTOMER-000450,4529.32,INR,FAILED,CARD_DECLINED,8,5,20,False,True,POLICY_BLOCKED|NO_ACTION_FAVORABLE
BATCH-000451,CUSTOMER-000451,773.59,INR,EXPIRED,UNKNOWN,2,0,32,False,False,LOW_VALUE|AGED_FAILURE|POLICY_BLOCKED|NO_ACTION_FAVORABLE
BATCH-000452,CUSTOMER-000452,4619.18,INR,RECOVERABLE,INSUFFICIENT_FUNDS,0,0,6,True,True,RECENT_FAILURE|RETRY_FAVORABLE|CONTACT_FAVORABLE
BATCH-000453,CUSTOMER-000453,4740.67,INR,FAILED,CARD_DECLINED,2,1,8,True,True,CONTACT_FAVORABLE
BATCH-000454,CUSTOMER-000454,11307.8,INR,RECOVERABLE,CARD_DECLINED,0,0,17,True,True,HIGH_VALUE|ESCALATION_FAVORABLE
BATCH-000455,CUSTOMER-000455,15834.06,INR,FAILED,NETWORK_ERROR,7,5,30,False,True,HIGH_VALUE|POLICY_BLOCKED|ESCALATION_FAVORABLE|NO_ACTION_FAVORABLE
BATCH-000456,CUSTOMER-000456,533.63,INR,EXPIRED,UNKNOWN,0,0,55,False,False,LOW_VALUE|AGED_FAILURE|POLICY_BLOCKED|NO_ACTION_FAVORABLE
BATCH-000457,CUSTOMER-000457,8913.09,INR,RECOVERABLE,NETWORK_ERROR,0,0,3,True,True,RECENT_FAILURE|RETRY_FAVORABLE|CONTACT_FAVORABLE
BATCH-000458,CUSTOMER-000458,3365.34,INR,FAILED,CARD_DECLINED,1,0,8,True,False,POLICY_BLOCKED|CONTACT_FAVORABLE
BATCH-000459,CUSTOMER-000459,42428.11,INR,RECOVERABLE,CARD_DECLINED,2,0,11,True,True,HIGH_VALUE|CONTACT_FAVORABLE|ESCALATION_FAVORABLE
BATCH-000460,CUSTOMER-000460,12706.87,INR,RECOVERABLE,PAYMENT_METHOD_EXPIRED,4,4,21,False,False,HIGH_VALUE|POLICY_BLOCKED|ESCALATION_FAVORABLE|NO_ACTION_FAVORABLE
BATCH-000461,CUSTOMER-000461,234.7,INR,EXPIRED,UNKNOWN,2,2,40,False,False,LOW_VALUE|AGED_FAILURE|POLICY_BLOCKED|NO_ACTION_FAVORABLE
BATCH-000462,CUSTOMER-000462,2772.42,INR,FAILED,INSUFFICIENT_FUNDS,2,0,1,True,True,RECENT_FAILURE|RETRY_FAVORABLE|CONTACT_FAVORABLE
BATCH-000463,CUSTOMER-000463,9932.38,INR,FAILED,CARD_DECLINED,3,1,3,True,False,RECENT_FAILURE|POLICY_BLOCKED|CONTACT_FAVORABLE
BATCH-000464,CUSTOMER-000464,38455.79,INR,RECOVERABLE,CARD_DECLINED,0,0,12,True,True,HIGH_VALUE|CONTACT_FAVORABLE|ESCALATION_FAVORABLE
BATCH-000465,CUSTOMER-000465,11971.09,INR,FAILED,AUTHENTICATION_FAILED,5,4,28,True,True,HIGH_VALUE|POLICY_BLOCKED|ESCALATION_FAVORABLE|NO_ACTION_FAVORABLE
BATCH-000466,CUSTOMER-000466,699.84,INR,EXPIRED,UNKNOWN,2,1,60,False,False,LOW_VALUE|AGED_FAILURE|POLICY_BLOCKED|NO_ACTION_FAVORABLE
BATCH-000467,CUSTOMER-000467,8577.16,INR,FAILED,INSUFFICIENT_FUNDS,1,1,0,True,True,RECENT_FAILURE|RETRY_FAVORABLE|CONTACT_FAVORABLE
BATCH-000468,CUSTOMER-000468,8650.96,INR,RECOVERABLE,CARD_DECLINED,3,3,7,True,True,RECENT_FAILURE|POLICY_BLOCKED|NO_ACTION_FAVORABLE
BATCH-000469,CUSTOMER-000469,20741.47,INR,RECOVERABLE,NETWORK_ERROR,1,1,10,True,True,HIGH_VALUE|CONTACT_FAVORABLE|ESCALATION_FAVORABLE
BATCH-000470,CUSTOMER-000470,15977.77,INR,RECOVERABLE,INSUFFICIENT_FUNDS,8,1,16,True,False,HIGH_VALUE|POLICY_BLOCKED|ESCALATION_FAVORABLE
BATCH-000471,CUSTOMER-000471,843.55,INR,EXPIRED,UNKNOWN,0,0,45,False,False,LOW_VALUE|AGED_FAILURE|POLICY_BLOCKED|NO_ACTION_FAVORABLE
BATCH-000472,CUSTOMER-000472,8930.63,INR,FAILED,INSUFFICIENT_FUNDS,1,0,3,True,True,RECENT_FAILURE|RETRY_FAVORABLE|CONTACT_FAVORABLE
BATCH-000473,CUSTOMER-000473,8869.81,INR,RECOVERABLE,CARD_DECLINED,2,1,2,True,False,RECENT_FAILURE|POLICY_BLOCKED|CONTACT_FAVORABLE
BATCH-000474,CUSTOMER-000474,36580.35,INR,RECOVERABLE,NETWORK_ERROR,2,1,5,True,True,HIGH_VALUE|RECENT_FAILURE|RETRY_FAVORABLE|CONTACT_FAVORABLE|ESCALATION_FAVORABLE
BATCH-000475,CUSTOMER-000475,12886.48,INR,FAILED,INSUFFICIENT_FUNDS,8,3,22,True,True,HIGH_VALUE|POLICY_BLOCKED|ESCALATION_FAVORABLE|NO_ACTION_FAVORABLE
BATCH-000476,CUSTOMER-000476,481.45,INR,EXPIRED,PAYMENT_METHOD_EXPIRED,0,0,49,False,False,LOW_VALUE|AGED_FAILURE|POLICY_BLOCKED|NO_ACTION_FAVORABLE
BATCH-000477,CUSTOMER-000477,578.94,INR,FAILED,INSUFFICIENT_FUNDS,2,2,5,True,True,LOW_VALUE|RECENT_FAILURE|RETRY_FAVORABLE|CONTACT_FAVORABLE
BATCH-000478,CUSTOMER-000478,2189.58,INR,FAILED,CARD_DECLINED,1,1,4,True,False,RECENT_FAILURE|POLICY_BLOCKED|CONTACT_FAVORABLE
BATCH-000479,CUSTOMER-000479,24702.47,INR,RECOVERABLE,CARD_DECLINED,1,0,4,True,True,HIGH_VALUE|RECENT_FAILURE|RETRY_FAVORABLE|CONTACT_FAVORABLE|ESCALATION_FAVORABLE
BATCH-000480,CUSTOMER-000480,13189.95,INR,FAILED,AUTHENTICATION_FAILED,8,5,19,True,False,HIGH_VALUE|POLICY_BLOCKED|ESCALATION_FAVORABLE|NO_ACTION_FAVORABLE
BATCH-000481,CUSTOMER-000481,677.95,INR,EXPIRED,PAYMENT_METHOD_EXPIRED,2,1,54,False,False,LOW_VALUE|AGED_FAILURE|POLICY_BLOCKED|NO_ACTION_FAVORABLE
BATCH-000482,CUSTOMER-000482,5736.65,INR,FAILED,NETWORK_ERROR,1,0,3,True,True,RECENT_FAILURE|RETRY_FAVORABLE|CONTACT_FAVORABLE
BATCH-000483,CUSTOMER-000483,7772.01,INR,RECOVERABLE,UNKNOWN,3,1,12,True,False,POLICY_BLOCKED|CONTACT_FAVORABLE
BATCH-000484,CUSTOMER-000484,19911.45,INR,RECOVERABLE,NETWORK_ERROR,2,2,2,True,True,HIGH_VALUE|RECENT_FAILURE|RETRY_FAVORABLE|CONTACT_FAVORABLE|ESCALATION_FAVORABLE
BATCH-000485,CUSTOMER-000485,12418.98,INR,RECOVERABLE,CARD_DECLINED,8,8,24,False,False,HIGH_VALUE|POLICY_BLOCKED|ESCALATION_FAVORABLE|NO_ACTION_FAVORABLE
BATCH-000486,CUSTOMER-000486,585.54,INR,EXPIRED,UNKNOWN,0,0,54,False,False,LOW_VALUE|AGED_FAILURE|POLICY_BLOCKED|NO_ACTION_FAVORABLE
BATCH-000487,CUSTOMER-000487,5992.44,INR,RECOVERABLE,NETWORK_ERROR,0,0,7,True,True,RECENT_FAILURE|RETRY_FAVORABLE|CONTACT_FAVORABLE
BATCH-000488,CUSTOMER-000488,5496.24,INR,FAILED,UNKNOWN,3,2,2,True,False,RECENT_FAILURE|POLICY_BLOCKED|CONTACT_FAVORABLE
BATCH-000489,CUSTOMER-000489,15279.32,INR,RECOVERABLE,CARD_DECLINED,2,2,13,True,True,HIGH_VALUE|CONTACT_FAVORABLE|ESCALATION_FAVORABLE
BATCH-000490,CUSTOMER-000490,13975.9,INR,RECOVERABLE,CARD_DECLINED,6,0,17,True,True,HIGH_VALUE|POLICY_BLOCKED|ESCALATION_FAVORABLE
BATCH-000491,CUSTOMER-000491,838.06,INR,EXPIRED,UNKNOWN,1,1,47,False,False,LOW_VALUE|AGED_FAILURE|POLICY_BLOCKED|NO_ACTION_FAVORABLE
BATCH-000492,CUSTOMER-000492,4100.39,INR,FAILED,INSUFFICIENT_FUNDS,1,0,1,True,True,RECENT_FAILURE|RETRY_FAVORABLE|CONTACT_FAVORABLE
BATCH-000493,CUSTOMER-000493,3789.16,INR,FAILED,UNKNOWN,3,3,4,True,False,RECENT_FAILURE|POLICY_BLOCKED|NO_ACTION_FAVORABLE
BATCH-000494,CUSTOMER-000494,33457.49,INR,RECOVERABLE,NETWORK_ERROR,2,1,20,True,True,HIGH_VALUE|ESCALATION_FAVORABLE
BATCH-000495,CUSTOMER-000495,14274.84,INR,RECOVERABLE,INSUFFICIENT_FUNDS,8,7,22,True,True,HIGH_VALUE|POLICY_BLOCKED|ESCALATION_FAVORABLE|NO_ACTION_FAVORABLE
BATCH-000496,CUSTOMER-000496,589.84,INR,EXPIRED,PAYMENT_METHOD_EXPIRED,0,0,40,False,False,LOW_VALUE|AGED_FAILURE|POLICY_BLOCKED|NO_ACTION_FAVORABLE
BATCH-000497,CUSTOMER-000497,607.65,INR,FAILED,INSUFFICIENT_FUNDS,0,0,0,True,True,LOW_VALUE|RECENT_FAILURE|RETRY_FAVORABLE|CONTACT_FAVORABLE
BATCH-000498,CUSTOMER-000498,5707.05,INR,FAILED,UNKNOWN,3,0,5,True,True,RECENT_FAILURE|POLICY_BLOCKED|CONTACT_FAVORABLE
BATCH-000499,CUSTOMER-000499,40857.21,INR,RECOVERABLE,CARD_DECLINED,0,0,10,True,True,HIGH_VALUE|CONTACT_FAVORABLE|ESCALATION_FAVORABLE
BATCH-000500,CUSTOMER-000500,10953.23,INR,FAILED,AUTHENTICATION_FAILED,5,4,17,False,True,HIGH_VALUE|POLICY_BLOCKED|ESCALATION_FAVORABLE|NO_ACTION_FAVORABLE
BATCH-000501,CUSTOMER-000501,233.51,INR,EXPIRED,PAYMENT_METHOD_EXPIRED,0,0,39,False,False,LOW_VALUE|AGED_FAILURE|POLICY_BLOCKED|NO_ACTION_FAVORABLE
BATCH-000502,CUSTOMER-000502,2441.44,INR,FAILED,NETWORK_ERROR,2,0,0,True,True,RECENT_FAILURE|RETRY_FAVORABLE|CONTACT_FAVORABLE
BATCH-000503,CUSTOMER-000503,1413.83,INR,FAILED,CARD_DECLINED,2,2,7,True,False,RECENT_FAILURE|POLICY_BLOCKED|CONTACT_FAVORABLE
BATCH-000504,CUSTOMER-000504,42124.62,INR,RECOVERABLE,CARD_DECLINED,2,0,20,True,True,HIGH_VALUE|ESCALATION_FAVORABLE
BATCH-000505,CUSTOMER-000505,7114.24,INR,RECOVERABLE,INSUFFICIENT_FUNDS,6,4,25,True,True,POLICY_BLOCKED|NO_ACTION_FAVORABLE
BATCH-000506,CUSTOMER-000506,638.66,INR,EXPIRED,PAYMENT_METHOD_EXPIRED,0,0,36,False,False,LOW_VALUE|AGED_FAILURE|POLICY_BLOCKED|NO_ACTION_FAVORABLE
BATCH-000507,CUSTOMER-000507,8609.67,INR,RECOVERABLE,INSUFFICIENT_FUNDS,0,0,7,True,True,RECENT_FAILURE|RETRY_FAVORABLE|CONTACT_FAVORABLE
BATCH-000508,CUSTOMER-000508,1777.47,INR,RECOVERABLE,UNKNOWN,2,2,1,True,False,RECENT_FAILURE|POLICY_BLOCKED|CONTACT_FAVORABLE
BATCH-000509,CUSTOMER-000509,34908.7,INR,RECOVERABLE,CARD_DECLINED,1,0,11,True,True,HIGH_VALUE|CONTACT_FAVORABLE|ESCALATION_FAVORABLE
BATCH-000510,CUSTOMER-000510,14916.8,INR,FAILED,CARD_DECLINED,7,5,22,True,False,HIGH_VALUE|POLICY_BLOCKED|ESCALATION_FAVORABLE|NO_ACTION_FAVORABLE
BATCH-000511,CUSTOMER-000511,608.75,INR,EXPIRED,PAYMENT_METHOD_EXPIRED,2,1,59,False,False,LOW_VALUE|AGED_FAILURE|POLICY_BLOCKED|NO_ACTION_FAVORABLE
BATCH-000512,CUSTOMER-000512,512.43,INR,RECOVERABLE,NETWORK_ERROR,2,0,6,True,True,LOW_VALUE|RECENT_FAILURE|RETRY_FAVORABLE|CONTACT_FAVORABLE
BATCH-000513,CUSTOMER-000513,5768.33,INR,FAILED,CARD_DECLINED,1,1,7,True,False,RECENT_FAILURE|POLICY_BLOCKED|CONTACT_FAVORABLE
BATCH-000514,CUSTOMER-000514,13721.07,INR,RECOVERABLE,CARD_DECLINED,0,0,16,True,True,HIGH_VALUE|ESCALATION_FAVORABLE
BATCH-000515,CUSTOMER-000515,9710.7,INR,RECOVERABLE,INSUFFICIENT_FUNDS,8,0,17,False,True,POLICY_BLOCKED
BATCH-000516,CUSTOMER-000516,447.99,INR,EXPIRED,UNKNOWN,0,0,38,False,False,LOW_VALUE|AGED_FAILURE|POLICY_BLOCKED|NO_ACTION_FAVORABLE
BATCH-000517,CUSTOMER-000517,7732.77,INR,RECOVERABLE,INSUFFICIENT_FUNDS,1,1,5,True,True,RECENT_FAILURE|RETRY_FAVORABLE|CONTACT_FAVORABLE
BATCH-000518,CUSTOMER-000518,3102.5,INR,FAILED,CARD_DECLINED,1,0,3,True,False,RECENT_FAILURE|POLICY_BLOCKED|CONTACT_FAVORABLE
BATCH-000519,CUSTOMER-000519,16575.0,INR,RECOVERABLE,CARD_DECLINED,1,0,10,True,True,HIGH_VALUE|CONTACT_FAVORABLE|ESCALATION_FAVORABLE
BATCH-000520,CUSTOMER-000520,11182.57,INR,FAILED,INSUFFICIENT_FUNDS,4,1,29,True,True,HIGH_VALUE|POLICY_BLOCKED|ESCALATION_FAVORABLE
BATCH-000521,CUSTOMER-000521,746.08,INR,EXPIRED,PAYMENT_METHOD_EXPIRED,1,0,57,False,False,LOW_VALUE|AGED_FAILURE|POLICY_BLOCKED|NO_ACTION_FAVORABLE
BATCH-000522,CUSTOMER-000522,7605.36,INR,FAILED,NETWORK_ERROR,1,1,2,True,True,RECENT_FAILURE|RETRY_FAVORABLE|CONTACT_FAVORABLE
BATCH-000523,CUSTOMER-000523,4566.2,INR,FAILED,CARD_DECLINED,1,1,11,True,True,CONTACT_FAVORABLE
BATCH-000524,CUSTOMER-000524,44184.05,INR,RECOVERABLE,NETWORK_ERROR,2,0,17,True,True,HIGH_VALUE|ESCALATION_FAVORABLE
BATCH-000525,CUSTOMER-000525,9778.82,INR,FAILED,CARD_DECLINED,4,1,18,True,False,POLICY_BLOCKED
BATCH-000526,CUSTOMER-000526,758.94,INR,EXPIRED,PAYMENT_METHOD_EXPIRED,1,1,52,False,False,LOW_VALUE|AGED_FAILURE|POLICY_BLOCKED|NO_ACTION_FAVORABLE
BATCH-000527,CUSTOMER-000527,8298.14,INR,FAILED,NETWORK_ERROR,0,0,0,True,True,RECENT_FAILURE|RETRY_FAVORABLE|CONTACT_FAVORABLE
BATCH-000528,CUSTOMER-000528,8283.69,INR,RECOVERABLE,CARD_DECLINED,1,0,14,True,False,POLICY_BLOCKED|CONTACT_FAVORABLE
BATCH-000529,CUSTOMER-000529,47691.23,INR,RECOVERABLE,CARD_DECLINED,0,0,5,True,True,HIGH_VALUE|RECENT_FAILURE|RETRY_FAVORABLE|CONTACT_FAVORABLE|ESCALATION_FAVORABLE
BATCH-000530,CUSTOMER-000530,10426.4,INR,FAILED,NETWORK_ERROR,6,2,28,True,True,HIGH_VALUE|POLICY_BLOCKED|ESCALATION_FAVORABLE
BATCH-000531,CUSTOMER-000531,456.81,INR,EXPIRED,PAYMENT_METHOD_EXPIRED,0,0,32,False,False,LOW_VALUE|AGED_FAILURE|POLICY_BLOCKED|NO_ACTION_FAVORABLE
BATCH-000532,CUSTOMER-000532,4740.58,INR,FAILED,NETWORK_ERROR,2,1,7,True,True,RECENT_FAILURE|RETRY_FAVORABLE|CONTACT_FAVORABLE
BATCH-000533,CUSTOMER-000533,4447.14,INR,FAILED,CARD_DECLINED,2,1,4,True,False,RECENT_FAILURE|POLICY_BLOCKED|CONTACT_FAVORABLE
BATCH-000534,CUSTOMER-000534,41276.63,INR,RECOVERABLE,CARD_DECLINED,1,1,15,True,True,HIGH_VALUE|ESCALATION_FAVORABLE
BATCH-000535,CUSTOMER-000535,18340.86,INR,RECOVERABLE,PAYMENT_METHOD_EXPIRED,7,3,25,True,True,HIGH_VALUE|POLICY_BLOCKED|ESCALATION_FAVORABLE|NO_ACTION_FAVORABLE
BATCH-000536,CUSTOMER-000536,123.44,INR,EXPIRED,UNKNOWN,1,1,32,False,False,LOW_VALUE|AGED_FAILURE|POLICY_BLOCKED|NO_ACTION_FAVORABLE
BATCH-000537,CUSTOMER-000537,7018.16,INR,FAILED,NETWORK_ERROR,0,0,2,True,True,RECENT_FAILURE|RETRY_FAVORABLE|CONTACT_FAVORABLE
BATCH-000538,CUSTOMER-000538,3398.74,INR,FAILED,UNKNOWN,3,2,1,True,False,RECENT_FAILURE|POLICY_BLOCKED|CONTACT_FAVORABLE
BATCH-000539,CUSTOMER-000539,47408.24,INR,RECOVERABLE,NETWORK_ERROR,0,0,5,True,True,HIGH_VALUE|RECENT_FAILURE|RETRY_FAVORABLE|CONTACT_FAVORABLE|ESCALATION_FAVORABLE
BATCH-000540,CUSTOMER-000540,16317.99,INR,RECOVERABLE,PAYMENT_METHOD_EXPIRED,8,2,26,False,True,HIGH_VALUE|POLICY_BLOCKED|ESCALATION_FAVORABLE
BATCH-000541,CUSTOMER-000541,550.49,INR,EXPIRED,UNKNOWN,0,0,57,False,False,LOW_VALUE|AGED_FAILURE|POLICY_BLOCKED|NO_ACTION_FAVORABLE
BATCH-000542,CUSTOMER-000542,1992.23,INR,FAILED,NETWORK_ERROR,0,0,1,True,True,RECENT_FAILURE|RETRY_FAVORABLE|CONTACT_FAVORABLE
BATCH-000543,CUSTOMER-000543,1179.35,INR,FAILED,CARD_DECLINED,2,1,1,True,True,RECENT_FAILURE|RETRY_FAVORABLE|CONTACT_FAVORABLE
BATCH-000544,CUSTOMER-000544,38677.51,INR,RECOVERABLE,NETWORK_ERROR,1,0,1,True,True,HIGH_VALUE|RECENT_FAILURE|RETRY_FAVORABLE|CONTACT_FAVORABLE|ESCALATION_FAVORABLE
BATCH-000545,CUSTOMER-000545,12145.57,INR,FAILED,NETWORK_ERROR,4,3,18,False,False,HIGH_VALUE|POLICY_BLOCKED|ESCALATION_FAVORABLE|NO_ACTION_FAVORABLE
BATCH-000546,CUSTOMER-000546,568.81,INR,EXPIRED,UNKNOWN,1,0,40,False,False,LOW_VALUE|AGED_FAILURE|POLICY_BLOCKED|NO_ACTION_FAVORABLE
BATCH-000547,CUSTOMER-000547,8794.82,INR,RECOVERABLE,INSUFFICIENT_FUNDS,2,0,6,True,True,RECENT_FAILURE|RETRY_FAVORABLE|CONTACT_FAVORABLE
BATCH-000548,CUSTOMER-000548,7364.65,INR,RECOVERABLE,CARD_DECLINED,3,1,12,True,False,POLICY_BLOCKED|CONTACT_FAVORABLE
BATCH-000549,CUSTOMER-000549,25135.36,INR,RECOVERABLE,NETWORK_ERROR,2,0,9,True,True,HIGH_VALUE|CONTACT_FAVORABLE|ESCALATION_FAVORABLE
BATCH-000550,CUSTOMER-000550,14847.79,INR,FAILED,CARD_DECLINED,8,5,27,False,False,HIGH_VALUE|POLICY_BLOCKED|ESCALATION_FAVORABLE|NO_ACTION_FAVORABLE
BATCH-000551,CUSTOMER-000551,836.83,INR,EXPIRED,PAYMENT_METHOD_EXPIRED,2,1,38,False,False,LOW_VALUE|AGED_FAILURE|POLICY_BLOCKED|NO_ACTION_FAVORABLE
BATCH-000552,CUSTOMER-000552,1695.47,INR,FAILED,INSUFFICIENT_FUNDS,2,1,1,True,True,RECENT_FAILURE|RETRY_FAVORABLE|CONTACT_FAVORABLE
BATCH-000553,CUSTOMER-000553,2510.99,INR,RECOVERABLE,UNKNOWN,1,0,14,True,False,POLICY_BLOCKED|CONTACT_FAVORABLE
BATCH-000554,CUSTOMER-000554,20608.5,INR,RECOVERABLE,CARD_DECLINED,0,0,2,True,True,HIGH_VALUE|RECENT_FAILURE|RETRY_FAVORABLE|CONTACT_FAVORABLE|ESCALATION_FAVORABLE
BATCH-000555,CUSTOMER-000555,15953.38,INR,RECOVERABLE,CARD_DECLINED,8,6,15,True,True,HIGH_VALUE|POLICY_BLOCKED|ESCALATION_FAVORABLE|NO_ACTION_FAVORABLE
BATCH-000556,CUSTOMER-000556,494.47,INR,EXPIRED,UNKNOWN,1,0,42,False,False,LOW_VALUE|AGED_FAILURE|POLICY_BLOCKED|NO_ACTION_FAVORABLE
BATCH-000557,CUSTOMER-000557,7544.86,INR,FAILED,INSUFFICIENT_FUNDS,2,0,3,True,True,RECENT_FAILURE|RETRY_FAVORABLE|CONTACT_FAVORABLE
BATCH-000558,CUSTOMER-000558,8192.75,INR,RECOVERABLE,CARD_DECLINED,1,0,5,True,True,RECENT_FAILURE|RETRY_FAVORABLE|CONTACT_FAVORABLE
BATCH-000559,CUSTOMER-000559,23672.33,INR,RECOVERABLE,NETWORK_ERROR,1,0,5,True,True,HIGH_VALUE|RECENT_FAILURE|RETRY_FAVORABLE|CONTACT_FAVORABLE|ESCALATION_FAVORABLE
BATCH-000560,CUSTOMER-000560,7421.06,INR,FAILED,PAYMENT_METHOD_EXPIRED,7,6,30,False,True,POLICY_BLOCKED|NO_ACTION_FAVORABLE
BATCH-000561,CUSTOMER-000561,225.68,INR,EXPIRED,PAYMENT_METHOD_EXPIRED,0,0,41,False,False,LOW_VALUE|AGED_FAILURE|POLICY_BLOCKED|NO_ACTION_FAVORABLE
BATCH-000562,CUSTOMER-000562,3978.88,INR,RECOVERABLE,INSUFFICIENT_FUNDS,2,0,4,True,True,RECENT_FAILURE|RETRY_FAVORABLE|CONTACT_FAVORABLE
BATCH-000563,CUSTOMER-000563,1863.24,INR,RECOVERABLE,CARD_DECLINED,2,0,10,True,False,POLICY_BLOCKED|CONTACT_FAVORABLE
BATCH-000564,CUSTOMER-000564,24433.16,INR,RECOVERABLE,CARD_DECLINED,1,1,2,True,True,HIGH_VALUE|RECENT_FAILURE|RETRY_FAVORABLE|CONTACT_FAVORABLE|ESCALATION_FAVORABLE
BATCH-000565,CUSTOMER-000565,4793.82,INR,FAILED,AUTHENTICATION_FAILED,3,0,21,True,True,POLICY_BLOCKED
BATCH-000566,CUSTOMER-000566,346.68,INR,EXPIRED,UNKNOWN,1,1,46,False,False,LOW_VALUE|AGED_FAILURE|POLICY_BLOCKED|NO_ACTION_FAVORABLE
BATCH-000567,CUSTOMER-000567,1274.66,INR,FAILED,INSUFFICIENT_FUNDS,2,1,6,True,True,RECENT_FAILURE|RETRY_FAVORABLE|CONTACT_FAVORABLE
BATCH-000568,CUSTOMER-000568,4324.61,INR,RECOVERABLE,UNKNOWN,2,0,1,True,True,RECENT_FAILURE|RETRY_FAVORABLE|CONTACT_FAVORABLE
BATCH-000569,CUSTOMER-000569,43483.15,INR,RECOVERABLE,NETWORK_ERROR,2,2,1,True,True,HIGH_VALUE|RECENT_FAILURE|RETRY_FAVORABLE|CONTACT_FAVORABLE|ESCALATION_FAVORABLE
BATCH-000570,CUSTOMER-000570,13681.9,INR,FAILED,PAYMENT_METHOD_EXPIRED,3,0,26,False,True,HIGH_VALUE|POLICY_BLOCKED|ESCALATION_FAVORABLE
BATCH-000571,CUSTOMER-000571,772.64,INR,EXPIRED,UNKNOWN,2,2,44,False,False,LOW_VALUE|AGED_FAILURE|POLICY_BLOCKED|NO_ACTION_FAVORABLE
BATCH-000572,CUSTOMER-000572,7994.06,INR,FAILED,INSUFFICIENT_FUNDS,1,0,4,True,True,RECENT_FAILURE|RETRY_FAVORABLE|CONTACT_FAVORABLE
BATCH-000573,CUSTOMER-000573,5518.91,INR,FAILED,CARD_DECLINED,3,3,13,True,False,POLICY_BLOCKED|NO_ACTION_FAVORABLE
BATCH-000574,CUSTOMER-000574,16915.16,INR,RECOVERABLE,NETWORK_ERROR,0,0,6,True,True,HIGH_VALUE|RECENT_FAILURE|RETRY_FAVORABLE|CONTACT_FAVORABLE|ESCALATION_FAVORABLE
BATCH-000575,CUSTOMER-000575,1810.84,INR,FAILED,PAYMENT_METHOD_EXPIRED,3,2,28,True,False,POLICY_BLOCKED
BATCH-000576,CUSTOMER-000576,355.8,INR,EXPIRED,PAYMENT_METHOD_EXPIRED,2,0,60,False,False,LOW_VALUE|AGED_FAILURE|POLICY_BLOCKED|NO_ACTION_FAVORABLE
BATCH-000577,CUSTOMER-000577,3798.84,INR,RECOVERABLE,INSUFFICIENT_FUNDS,1,0,5,True,True,RECENT_FAILURE|RETRY_FAVORABLE|CONTACT_FAVORABLE
BATCH-000578,CUSTOMER-000578,8078.96,INR,RECOVERABLE,CARD_DECLINED,3,3,10,True,False,POLICY_BLOCKED|NO_ACTION_FAVORABLE
BATCH-000579,CUSTOMER-000579,15985.69,INR,RECOVERABLE,NETWORK_ERROR,2,0,18,True,True,HIGH_VALUE|ESCALATION_FAVORABLE
BATCH-000580,CUSTOMER-000580,11690.99,INR,RECOVERABLE,NETWORK_ERROR,3,3,24,False,False,HIGH_VALUE|POLICY_BLOCKED|ESCALATION_FAVORABLE|NO_ACTION_FAVORABLE
BATCH-000581,CUSTOMER-000581,623.83,INR,EXPIRED,UNKNOWN,2,0,50,False,False,LOW_VALUE|AGED_FAILURE|POLICY_BLOCKED|NO_ACTION_FAVORABLE
BATCH-000582,CUSTOMER-000582,1963.7,INR,RECOVERABLE,NETWORK_ERROR,1,1,2,True,True,RECENT_FAILURE|RETRY_FAVORABLE|CONTACT_FAVORABLE
BATCH-000583,CUSTOMER-000583,9006.17,INR,RECOVERABLE,UNKNOWN,2,1,12,True,True,CONTACT_FAVORABLE
BATCH-000584,CUSTOMER-000584,10809.32,INR,RECOVERABLE,CARD_DECLINED,1,1,9,True,True,HIGH_VALUE|CONTACT_FAVORABLE|ESCALATION_FAVORABLE
BATCH-000585,CUSTOMER-000585,17306.46,INR,RECOVERABLE,UNKNOWN,8,7,18,False,True,HIGH_VALUE|POLICY_BLOCKED|ESCALATION_FAVORABLE|NO_ACTION_FAVORABLE
BATCH-000586,CUSTOMER-000586,719.22,INR,EXPIRED,UNKNOWN,1,0,39,False,False,LOW_VALUE|AGED_FAILURE|POLICY_BLOCKED|NO_ACTION_FAVORABLE
BATCH-000587,CUSTOMER-000587,2097.45,INR,RECOVERABLE,INSUFFICIENT_FUNDS,0,0,6,True,True,RECENT_FAILURE|RETRY_FAVORABLE|CONTACT_FAVORABLE
BATCH-000588,CUSTOMER-000588,5637.43,INR,RECOVERABLE,CARD_DECLINED,1,0,2,True,True,RECENT_FAILURE|RETRY_FAVORABLE|CONTACT_FAVORABLE
BATCH-000589,CUSTOMER-000589,16949.49,INR,RECOVERABLE,NETWORK_ERROR,0,0,1,True,True,HIGH_VALUE|RECENT_FAILURE|RETRY_FAVORABLE|CONTACT_FAVORABLE|ESCALATION_FAVORABLE
BATCH-000590,CUSTOMER-000590,9672.52,INR,RECOVERABLE,UNKNOWN,5,0,21,True,False,POLICY_BLOCKED
BATCH-000591,CUSTOMER-000591,644.94,INR,EXPIRED,UNKNOWN,0,0,42,False,False,LOW_VALUE|AGED_FAILURE|POLICY_BLOCKED|NO_ACTION_FAVORABLE
BATCH-000592,CUSTOMER-000592,2009.46,INR,RECOVERABLE,NETWORK_ERROR,1,1,5,True,True,RECENT_FAILURE|RETRY_FAVORABLE|CONTACT_FAVORABLE
BATCH-000593,CUSTOMER-000593,7740.65,INR,RECOVERABLE,CARD_DECLINED,3,1,2,True,True,RECENT_FAILURE|POLICY_BLOCKED|CONTACT_FAVORABLE
BATCH-000594,CUSTOMER-000594,44152.85,INR,RECOVERABLE,NETWORK_ERROR,0,0,7,True,True,HIGH_VALUE|RECENT_FAILURE|RETRY_FAVORABLE|CONTACT_FAVORABLE|ESCALATION_FAVORABLE
BATCH-000595,CUSTOMER-000595,6112.59,INR,FAILED,AUTHENTICATION_FAILED,6,1,15,False,False,POLICY_BLOCKED|NO_ACTION_FAVORABLE
BATCH-000596,CUSTOMER-000596,617.9,INR,EXPIRED,PAYMENT_METHOD_EXPIRED,2,0,56,False,False,LOW_VALUE|AGED_FAILURE|POLICY_BLOCKED|NO_ACTION_FAVORABLE
BATCH-000597,CUSTOMER-000597,2645.32,INR,RECOVERABLE,INSUFFICIENT_FUNDS,1,1,4,True,True,RECENT_FAILURE|RETRY_FAVORABLE|CONTACT_FAVORABLE
BATCH-000598,CUSTOMER-000598,5130.98,INR,RECOVERABLE,CARD_DECLINED,1,0,8,True,True,CONTACT_FAVORABLE
BATCH-000599,CUSTOMER-000599,30460.55,INR,RECOVERABLE,CARD_DECLINED,2,1,11,True,True,HIGH_VALUE|CONTACT_FAVORABLE|ESCALATION_FAVORABLE
BATCH-000600,CUSTOMER-000600,14003.85,INR,RECOVERABLE,NETWORK_ERROR,6,2,17,True,True,HIGH_VALUE|POLICY_BLOCKED|ESCALATION_FAVORABLE
BATCH-000601,CUSTOMER-000601,624.9,INR,EXPIRED,PAYMENT_METHOD_EXPIRED,2,0,40,False,False,LOW_VALUE|AGED_FAILURE|POLICY_BLOCKED|NO_ACTION_FAVORABLE
BATCH-000602,CUSTOMER-000602,4897.0,INR,RECOVERABLE,INSUFFICIENT_FUNDS,0,0,0,True,True,RECENT_FAILURE|RETRY_FAVORABLE|CONTACT_FAVORABLE
BATCH-000603,CUSTOMER-000603,7491.55,INR,RECOVERABLE,UNKNOWN,3,3,8,True,False,POLICY_BLOCKED|NO_ACTION_FAVORABLE
BATCH-000604,CUSTOMER-000604,25531.0,INR,RECOVERABLE,NETWORK_ERROR,0,0,18,True,True,HIGH_VALUE|ESCALATION_FAVORABLE
BATCH-000605,CUSTOMER-000605,14804.45,INR,RECOVERABLE,CARD_DECLINED,4,4,30,False,False,HIGH_VALUE|POLICY_BLOCKED|ESCALATION_FAVORABLE|NO_ACTION_FAVORABLE
BATCH-000606,CUSTOMER-000606,244.91,INR,EXPIRED,PAYMENT_METHOD_EXPIRED,0,0,46,False,False,LOW_VALUE|AGED_FAILURE|POLICY_BLOCKED|NO_ACTION_FAVORABLE
BATCH-000607,CUSTOMER-000607,6664.09,INR,RECOVERABLE,NETWORK_ERROR,2,0,2,True,True,RECENT_FAILURE|RETRY_FAVORABLE|CONTACT_FAVORABLE
BATCH-000608,CUSTOMER-000608,4197.55,INR,RECOVERABLE,UNKNOWN,3,2,14,True,True,POLICY_BLOCKED|CONTACT_FAVORABLE
BATCH-000609,CUSTOMER-000609,33422.83,INR,RECOVERABLE,CARD_DECLINED,1,0,3,True,True,HIGH_VALUE|RECENT_FAILURE|RETRY_FAVORABLE|CONTACT_FAVORABLE|ESCALATION_FAVORABLE
BATCH-000610,CUSTOMER-000610,17461.47,INR,FAILED,UNKNOWN,7,6,17,False,True,HIGH_VALUE|POLICY_BLOCKED|ESCALATION_FAVORABLE|NO_ACTION_FAVORABLE
BATCH-000611,CUSTOMER-000611,523.87,INR,EXPIRED,PAYMENT_METHOD_EXPIRED,1,0,32,False,False,LOW_VALUE|AGED_FAILURE|POLICY_BLOCKED|NO_ACTION_FAVORABLE
BATCH-000612,CUSTOMER-000612,8934.96,INR,RECOVERABLE,NETWORK_ERROR,1,1,6,True,True,RECENT_FAILURE|RETRY_FAVORABLE|CONTACT_FAVORABLE
BATCH-000613,CUSTOMER-000613,8761.55,INR,RECOVERABLE,CARD_DECLINED,1,1,13,True,True,CONTACT_FAVORABLE
BATCH-000614,CUSTOMER-000614,35379.96,INR,RECOVERABLE,CARD_DECLINED,0,0,14,True,True,HIGH_VALUE|CONTACT_FAVORABLE|ESCALATION_FAVORABLE
BATCH-000615,CUSTOMER-000615,15462.67,INR,FAILED,CARD_DECLINED,4,4,20,False,False,HIGH_VALUE|POLICY_BLOCKED|ESCALATION_FAVORABLE|NO_ACTION_FAVORABLE
BATCH-000616,CUSTOMER-000616,446.97,INR,EXPIRED,UNKNOWN,1,1,43,False,False,LOW_VALUE|AGED_FAILURE|POLICY_BLOCKED|NO_ACTION_FAVORABLE
BATCH-000617,CUSTOMER-000617,3758.19,INR,RECOVERABLE,NETWORK_ERROR,0,0,3,True,True,RECENT_FAILURE|RETRY_FAVORABLE|CONTACT_FAVORABLE
BATCH-000618,CUSTOMER-000618,7811.63,INR,FAILED,CARD_DECLINED,3,1,4,True,True,RECENT_FAILURE|POLICY_BLOCKED|CONTACT_FAVORABLE
BATCH-000619,CUSTOMER-000619,37740.99,INR,RECOVERABLE,NETWORK_ERROR,1,0,9,True,True,HIGH_VALUE|CONTACT_FAVORABLE|ESCALATION_FAVORABLE
BATCH-000620,CUSTOMER-000620,8287.46,INR,RECOVERABLE,NETWORK_ERROR,7,7,24,True,False,POLICY_BLOCKED|NO_ACTION_FAVORABLE
BATCH-000621,CUSTOMER-000621,682.27,INR,EXPIRED,UNKNOWN,2,1,47,False,False,LOW_VALUE|AGED_FAILURE|POLICY_BLOCKED|NO_ACTION_FAVORABLE
BATCH-000622,CUSTOMER-000622,8047.78,INR,RECOVERABLE,INSUFFICIENT_FUNDS,0,0,5,True,True,RECENT_FAILURE|RETRY_FAVORABLE|CONTACT_FAVORABLE
BATCH-000623,CUSTOMER-000623,2483.95,INR,FAILED,CARD_DECLINED,2,2,1,True,True,RECENT_FAILURE|RETRY_FAVORABLE|CONTACT_FAVORABLE
BATCH-000624,CUSTOMER-000624,10876.53,INR,RECOVERABLE,NETWORK_ERROR,2,1,5,True,True,HIGH_VALUE|RECENT_FAILURE|RETRY_FAVORABLE|CONTACT_FAVORABLE|ESCALATION_FAVORABLE
BATCH-000625,CUSTOMER-000625,14511.09,INR,FAILED,PAYMENT_METHOD_EXPIRED,3,0,27,False,True,HIGH_VALUE|POLICY_BLOCKED|ESCALATION_FAVORABLE
BATCH-000626,CUSTOMER-000626,629.58,INR,EXPIRED,PAYMENT_METHOD_EXPIRED,2,0,57,False,False,LOW_VALUE|AGED_FAILURE|POLICY_BLOCKED|NO_ACTION_FAVORABLE
BATCH-000627,CUSTOMER-000627,6362.87,INR,RECOVERABLE,NETWORK_ERROR,1,1,7,True,True,RECENT_FAILURE|RETRY_FAVORABLE|CONTACT_FAVORABLE
BATCH-000628,CUSTOMER-000628,5269.57,INR,FAILED,UNKNOWN,1,1,4,True,False,RECENT_FAILURE|POLICY_BLOCKED|CONTACT_FAVORABLE
BATCH-000629,CUSTOMER-000629,36466.58,INR,RECOVERABLE,CARD_DECLINED,2,2,16,True,True,HIGH_VALUE|ESCALATION_FAVORABLE
BATCH-000630,CUSTOMER-000630,12507.05,INR,FAILED,NETWORK_ERROR,4,0,28,False,True,HIGH_VALUE|POLICY_BLOCKED|ESCALATION_FAVORABLE
BATCH-000631,CUSTOMER-000631,727.81,INR,EXPIRED,PAYMENT_METHOD_EXPIRED,1,1,37,False,False,LOW_VALUE|AGED_FAILURE|POLICY_BLOCKED|NO_ACTION_FAVORABLE
BATCH-000632,CUSTOMER-000632,7567.74,INR,RECOVERABLE,INSUFFICIENT_FUNDS,0,0,5,True,True,RECENT_FAILURE|RETRY_FAVORABLE|CONTACT_FAVORABLE
BATCH-000633,CUSTOMER-000633,1354.65,INR,RECOVERABLE,UNKNOWN,2,0,4,True,False,RECENT_FAILURE|POLICY_BLOCKED|CONTACT_FAVORABLE
BATCH-000634,CUSTOMER-000634,10109.52,INR,RECOVERABLE,NETWORK_ERROR,2,2,2,True,True,HIGH_VALUE|RECENT_FAILURE|RETRY_FAVORABLE|CONTACT_FAVORABLE|ESCALATION_FAVORABLE
BATCH-000635,CUSTOMER-000635,13711.42,INR,FAILED,NETWORK_ERROR,4,1,17,False,True,HIGH_VALUE|POLICY_BLOCKED|ESCALATION_FAVORABLE
BATCH-000636,CUSTOMER-000636,465.4,INR,EXPIRED,UNKNOWN,1,0,39,False,False,LOW_VALUE|AGED_FAILURE|POLICY_BLOCKED|NO_ACTION_FAVORABLE
BATCH-000637,CUSTOMER-000637,1348.38,INR,RECOVERABLE,INSUFFICIENT_FUNDS,0,0,0,True,True,RECENT_FAILURE|RETRY_FAVORABLE|CONTACT_FAVORABLE
BATCH-000638,CUSTOMER-000638,4833.96,INR,FAILED,CARD_DECLINED,1,0,2,True,False,RECENT_FAILURE|POLICY_BLOCKED|CONTACT_FAVORABLE
BATCH-000639,CUSTOMER-000639,36534.2,INR,RECOVERABLE,CARD_DECLINED,0,0,10,True,True,HIGH_VALUE|CONTACT_FAVORABLE|ESCALATION_FAVORABLE
BATCH-000640,CUSTOMER-000640,19146.69,INR,FAILED,AUTHENTICATION_FAILED,5,3,17,True,True,HIGH_VALUE|POLICY_BLOCKED|ESCALATION_FAVORABLE|NO_ACTION_FAVORABLE
BATCH-000641,CUSTOMER-000641,869.85,INR,EXPIRED,UNKNOWN,1,1,57,False,False,LOW_VALUE|AGED_FAILURE|POLICY_BLOCKED|NO_ACTION_FAVORABLE
BATCH-000642,CUSTOMER-000642,7299.14,INR,FAILED,NETWORK_ERROR,2,2,2,True,True,RECENT_FAILURE|RETRY_FAVORABLE|CONTACT_FAVORABLE
BATCH-000643,CUSTOMER-000643,7537.7,INR,RECOVERABLE,UNKNOWN,1,0,2,True,False,RECENT_FAILURE|POLICY_BLOCKED|CONTACT_FAVORABLE
BATCH-000644,CUSTOMER-000644,34452.93,INR,RECOVERABLE,NETWORK_ERROR,1,0,19,True,True,HIGH_VALUE|ESCALATION_FAVORABLE
BATCH-000645,CUSTOMER-000645,10178.51,INR,FAILED,NETWORK_ERROR,6,5,18,False,True,HIGH_VALUE|POLICY_BLOCKED|ESCALATION_FAVORABLE|NO_ACTION_FAVORABLE
BATCH-000646,CUSTOMER-000646,351.39,INR,EXPIRED,PAYMENT_METHOD_EXPIRED,2,2,58,False,False,LOW_VALUE|AGED_FAILURE|POLICY_BLOCKED|NO_ACTION_FAVORABLE
BATCH-000647,CUSTOMER-000647,7921.72,INR,RECOVERABLE,NETWORK_ERROR,2,1,1,True,True,RECENT_FAILURE|RETRY_FAVORABLE|CONTACT_FAVORABLE
BATCH-000648,CUSTOMER-000648,4111.75,INR,FAILED,CARD_DECLINED,3,1,11,True,False,POLICY_BLOCKED|CONTACT_FAVORABLE
BATCH-000649,CUSTOMER-000649,30222.7,INR,RECOVERABLE,NETWORK_ERROR,1,0,15,True,True,HIGH_VALUE|ESCALATION_FAVORABLE
BATCH-000650,CUSTOMER-000650,15277.17,INR,FAILED,PAYMENT_METHOD_EXPIRED,5,5,22,True,True,HIGH_VALUE|POLICY_BLOCKED|ESCALATION_FAVORABLE|NO_ACTION_FAVORABLE
BATCH-000651,CUSTOMER-000651,402.91,INR,EXPIRED,UNKNOWN,0,0,33,False,False,LOW_VALUE|AGED_FAILURE|POLICY_BLOCKED|NO_ACTION_FAVORABLE
BATCH-000652,CUSTOMER-000652,7310.72,INR,RECOVERABLE,INSUFFICIENT_FUNDS,1,1,1,True,True,RECENT_FAILURE|RETRY_FAVORABLE|CONTACT_FAVORABLE
BATCH-000653,CUSTOMER-000653,2068.36,INR,FAILED,UNKNOWN,2,1,12,True,False,POLICY_BLOCKED|CONTACT_FAVORABLE
BATCH-000654,CUSTOMER-000654,11433.28,INR,RECOVERABLE,NETWORK_ERROR,2,2,0,True,True,HIGH_VALUE|RECENT_FAILURE|RETRY_FAVORABLE|CONTACT_FAVORABLE|ESCALATION_FAVORABLE
BATCH-000655,CUSTOMER-000655,19300.25,INR,RECOVERABLE,NETWORK_ERROR,8,5,24,False,False,HIGH_VALUE|POLICY_BLOCKED|ESCALATION_FAVORABLE|NO_ACTION_FAVORABLE
BATCH-000656,CUSTOMER-000656,760.25,INR,EXPIRED,UNKNOWN,0,0,58,False,False,LOW_VALUE|AGED_FAILURE|POLICY_BLOCKED|NO_ACTION_FAVORABLE
BATCH-000657,CUSTOMER-000657,5261.28,INR,RECOVERABLE,INSUFFICIENT_FUNDS,2,0,7,True,True,RECENT_FAILURE|RETRY_FAVORABLE|CONTACT_FAVORABLE
BATCH-000658,CUSTOMER-000658,1876.93,INR,RECOVERABLE,UNKNOWN,3,2,4,True,True,RECENT_FAILURE|POLICY_BLOCKED|CONTACT_FAVORABLE
BATCH-000659,CUSTOMER-000659,38083.84,INR,RECOVERABLE,CARD_DECLINED,0,0,5,True,True,HIGH_VALUE|RECENT_FAILURE|RETRY_FAVORABLE|CONTACT_FAVORABLE|ESCALATION_FAVORABLE
BATCH-000660,CUSTOMER-000660,16614.93,INR,FAILED,INSUFFICIENT_FUNDS,8,6,28,True,False,HIGH_VALUE|POLICY_BLOCKED|ESCALATION_FAVORABLE|NO_ACTION_FAVORABLE
BATCH-000661,CUSTOMER-000661,272.47,INR,EXPIRED,UNKNOWN,0,0,53,False,False,LOW_VALUE|AGED_FAILURE|POLICY_BLOCKED|NO_ACTION_FAVORABLE
BATCH-000662,CUSTOMER-000662,6935.77,INR,RECOVERABLE,INSUFFICIENT_FUNDS,0,0,1,True,True,RECENT_FAILURE|RETRY_FAVORABLE|CONTACT_FAVORABLE
BATCH-000663,CUSTOMER-000663,9674.69,INR,RECOVERABLE,UNKNOWN,1,0,9,True,False,POLICY_BLOCKED|CONTACT_FAVORABLE
BATCH-000664,CUSTOMER-000664,37672.71,INR,RECOVERABLE,NETWORK_ERROR,0,0,4,True,True,HIGH_VALUE|RECENT_FAILURE|RETRY_FAVORABLE|CONTACT_FAVORABLE|ESCALATION_FAVORABLE
BATCH-000665,CUSTOMER-000665,13492.91,INR,FAILED,NETWORK_ERROR,7,6,25,False,True,HIGH_VALUE|POLICY_BLOCKED|ESCALATION_FAVORABLE|NO_ACTION_FAVORABLE
BATCH-000666,CUSTOMER-000666,870.87,INR,EXPIRED,PAYMENT_METHOD_EXPIRED,1,0,45,False,False,LOW_VALUE|AGED_FAILURE|POLICY_BLOCKED|NO_ACTION_FAVORABLE
BATCH-000667,CUSTOMER-000667,4008.34,INR,RECOVERABLE,NETWORK_ERROR,2,0,4,True,True,RECENT_FAILURE|RETRY_FAVORABLE|CONTACT_FAVORABLE
BATCH-000668,CUSTOMER-000668,2887.41,INR,FAILED,CARD_DECLINED,3,2,5,True,False,RECENT_FAILURE|POLICY_BLOCKED|CONTACT_FAVORABLE
BATCH-000669,CUSTOMER-000669,38414.11,INR,RECOVERABLE,CARD_DECLINED,1,1,17,True,True,HIGH_VALUE|ESCALATION_FAVORABLE
BATCH-000670,CUSTOMER-000670,13810.63,INR,FAILED,PAYMENT_METHOD_EXPIRED,7,1,24,False,True,HIGH_VALUE|POLICY_BLOCKED|ESCALATION_FAVORABLE
BATCH-000671,CUSTOMER-000671,120.22,INR,EXPIRED,PAYMENT_METHOD_EXPIRED,0,0,32,False,False,LOW_VALUE|AGED_FAILURE|POLICY_BLOCKED|NO_ACTION_FAVORABLE
BATCH-000672,CUSTOMER-000672,2769.32,INR,RECOVERABLE,NETWORK_ERROR,0,0,4,True,True,RECENT_FAILURE|RETRY_FAVORABLE|CONTACT_FAVORABLE
BATCH-000673,CUSTOMER-000673,7215.35,INR,FAILED,UNKNOWN,2,1,4,True,False,RECENT_FAILURE|POLICY_BLOCKED|CONTACT_FAVORABLE
BATCH-000674,CUSTOMER-000674,14099.2,INR,RECOVERABLE,NETWORK_ERROR,2,2,17,True,True,HIGH_VALUE|ESCALATION_FAVORABLE
BATCH-000675,CUSTOMER-000675,13295.27,INR,RECOVERABLE,UNKNOWN,6,5,22,False,False,HIGH_VALUE|POLICY_BLOCKED|ESCALATION_FAVORABLE|NO_ACTION_FAVORABLE
BATCH-000676,CUSTOMER-000676,137.58,INR,EXPIRED,UNKNOWN,1,1,43,False,False,LOW_VALUE|AGED_FAILURE|POLICY_BLOCKED|NO_ACTION_FAVORABLE
BATCH-000677,CUSTOMER-000677,8709.58,INR,RECOVERABLE,NETWORK_ERROR,0,0,0,True,True,RECENT_FAILURE|RETRY_FAVORABLE|CONTACT_FAVORABLE
BATCH-000678,CUSTOMER-000678,8469.85,INR,RECOVERABLE,CARD_DECLINED,3,1,12,True,False,POLICY_BLOCKED|CONTACT_FAVORABLE
BATCH-000679,CUSTOMER-000679,21767.11,INR,RECOVERABLE,NETWORK_ERROR,0,0,2,True,True,HIGH_VALUE|RECENT_FAILURE|RETRY_FAVORABLE|CONTACT_FAVORABLE|ESCALATION_FAVORABLE
BATCH-000680,CUSTOMER-000680,14966.51,INR,RECOVERABLE,CARD_DECLINED,3,1,27,True,True,HIGH_VALUE|POLICY_BLOCKED|ESCALATION_FAVORABLE
BATCH-000681,CUSTOMER-000681,567.19,INR,EXPIRED,UNKNOWN,1,1,31,False,False,LOW_VALUE|AGED_FAILURE|POLICY_BLOCKED|NO_ACTION_FAVORABLE
BATCH-000682,CUSTOMER-000682,6532.36,INR,FAILED,INSUFFICIENT_FUNDS,0,0,0,True,True,RECENT_FAILURE|RETRY_FAVORABLE|CONTACT_FAVORABLE
BATCH-000683,CUSTOMER-000683,7962.95,INR,RECOVERABLE,UNKNOWN,3,2,10,True,False,POLICY_BLOCKED|CONTACT_FAVORABLE
BATCH-000684,CUSTOMER-000684,12915.23,INR,RECOVERABLE,NETWORK_ERROR,2,0,10,True,True,HIGH_VALUE|CONTACT_FAVORABLE|ESCALATION_FAVORABLE
BATCH-000685,CUSTOMER-000685,10891.52,INR,FAILED,NETWORK_ERROR,7,3,20,True,True,HIGH_VALUE|POLICY_BLOCKED|ESCALATION_FAVORABLE|NO_ACTION_FAVORABLE
BATCH-000686,CUSTOMER-000686,806.72,INR,EXPIRED,UNKNOWN,2,1,41,False,False,LOW_VALUE|AGED_FAILURE|POLICY_BLOCKED|NO_ACTION_FAVORABLE
BATCH-000687,CUSTOMER-000687,2995.38,INR,FAILED,NETWORK_ERROR,2,2,7,True,True,RECENT_FAILURE|RETRY_FAVORABLE|CONTACT_FAVORABLE
BATCH-000688,CUSTOMER-000688,4114.07,INR,FAILED,CARD_DECLINED,1,1,11,True,False,POLICY_BLOCKED|CONTACT_FAVORABLE
BATCH-000689,CUSTOMER-000689,25254.9,INR,RECOVERABLE,CARD_DECLINED,0,0,12,True,True,HIGH_VALUE|CONTACT_FAVORABLE|ESCALATION_FAVORABLE
BATCH-000690,CUSTOMER-000690,1469.41,INR,RECOVERABLE,INSUFFICIENT_FUNDS,7,4,26,False,True,POLICY_BLOCKED|NO_ACTION_FAVORABLE
BATCH-000691,CUSTOMER-000691,818.63,INR,EXPIRED,PAYMENT_METHOD_EXPIRED,0,0,41,False,False,LOW_VALUE|AGED_FAILURE|POLICY_BLOCKED|NO_ACTION_FAVORABLE
BATCH-000692,CUSTOMER-000692,1922.86,INR,FAILED,NETWORK_ERROR,2,2,0,True,True,RECENT_FAILURE|RETRY_FAVORABLE|CONTACT_FAVORABLE
BATCH-000693,CUSTOMER-000693,6665.63,INR,FAILED,CARD_DECLINED,1,1,14,True,False,POLICY_BLOCKED|CONTACT_FAVORABLE
BATCH-000694,CUSTOMER-000694,35862.45,INR,RECOVERABLE,NETWORK_ERROR,0,0,4,True,True,HIGH_VALUE|RECENT_FAILURE|RETRY_FAVORABLE|CONTACT_FAVORABLE|ESCALATION_FAVORABLE
BATCH-000695,CUSTOMER-000695,14620.5,INR,RECOVERABLE,PAYMENT_METHOD_EXPIRED,3,0,17,True,True,HIGH_VALUE|POLICY_BLOCKED|ESCALATION_FAVORABLE
BATCH-000696,CUSTOMER-000696,559.97,INR,EXPIRED,UNKNOWN,0,0,60,False,False,LOW_VALUE|AGED_FAILURE|POLICY_BLOCKED|NO_ACTION_FAVORABLE
BATCH-000697,CUSTOMER-000697,3798.28,INR,RECOVERABLE,INSUFFICIENT_FUNDS,2,0,6,True,True,RECENT_FAILURE|RETRY_FAVORABLE|CONTACT_FAVORABLE
BATCH-000698,CUSTOMER-000698,4505.52,INR,FAILED,CARD_DECLINED,1,0,9,True,True,CONTACT_FAVORABLE
BATCH-000699,CUSTOMER-000699,24308.01,INR,RECOVERABLE,CARD_DECLINED,2,2,3,True,True,HIGH_VALUE|RECENT_FAILURE|RETRY_FAVORABLE|CONTACT_FAVORABLE|ESCALATION_FAVORABLE
BATCH-000700,CUSTOMER-000700,6725.66,INR,RECOVERABLE,UNKNOWN,3,0,24,False,True,POLICY_BLOCKED
BATCH-000701,CUSTOMER-000701,479.19,INR,EXPIRED,PAYMENT_METHOD_EXPIRED,2,2,38,False,False,LOW_VALUE|AGED_FAILURE|POLICY_BLOCKED|NO_ACTION_FAVORABLE
BATCH-000702,CUSTOMER-000702,3823.44,INR,FAILED,INSUFFICIENT_FUNDS,2,2,4,True,True,RECENT_FAILURE|RETRY_FAVORABLE|CONTACT_FAVORABLE
BATCH-000703,CUSTOMER-000703,8982.8,INR,FAILED,CARD_DECLINED,3,0,11,True,False,POLICY_BLOCKED|CONTACT_FAVORABLE
BATCH-000704,CUSTOMER-000704,11670.93,INR,RECOVERABLE,CARD_DECLINED,2,2,19,True,True,HIGH_VALUE|ESCALATION_FAVORABLE
BATCH-000705,CUSTOMER-000705,11402.98,INR,RECOVERABLE,CARD_DECLINED,3,3,24,True,False,HIGH_VALUE|POLICY_BLOCKED|ESCALATION_FAVORABLE|NO_ACTION_FAVORABLE
BATCH-000706,CUSTOMER-000706,824.5,INR,EXPIRED,PAYMENT_METHOD_EXPIRED,2,0,35,False,False,LOW_VALUE|AGED_FAILURE|POLICY_BLOCKED|NO_ACTION_FAVORABLE
BATCH-000707,CUSTOMER-000707,2376.7,INR,FAILED,NETWORK_ERROR,1,0,3,True,True,RECENT_FAILURE|RETRY_FAVORABLE|CONTACT_FAVORABLE
BATCH-000708,CUSTOMER-000708,8662.49,INR,FAILED,UNKNOWN,3,0,8,True,False,POLICY_BLOCKED|CONTACT_FAVORABLE
BATCH-000709,CUSTOMER-000709,20027.5,INR,RECOVERABLE,CARD_DECLINED,0,0,18,True,True,HIGH_VALUE|ESCALATION_FAVORABLE
BATCH-000710,CUSTOMER-000710,7785.63,INR,FAILED,NETWORK_ERROR,8,7,22,True,False,POLICY_BLOCKED|NO_ACTION_FAVORABLE
BATCH-000711,CUSTOMER-000711,460.52,INR,EXPIRED,UNKNOWN,2,2,52,False,False,LOW_VALUE|AGED_FAILURE|POLICY_BLOCKED|NO_ACTION_FAVORABLE
BATCH-000712,CUSTOMER-000712,5465.44,INR,RECOVERABLE,INSUFFICIENT_FUNDS,2,0,5,True,True,RECENT_FAILURE|RETRY_FAVORABLE|CONTACT_FAVORABLE
BATCH-000713,CUSTOMER-000713,1043.49,INR,RECOVERABLE,UNKNOWN,1,1,13,True,True,CONTACT_FAVORABLE
BATCH-000714,CUSTOMER-000714,15372.23,INR,RECOVERABLE,CARD_DECLINED,2,1,10,True,True,HIGH_VALUE|CONTACT_FAVORABLE|ESCALATION_FAVORABLE
BATCH-000715,CUSTOMER-000715,9461.8,INR,FAILED,NETWORK_ERROR,5,1,30,False,True,POLICY_BLOCKED
BATCH-000716,CUSTOMER-000716,813.04,INR,EXPIRED,PAYMENT_METHOD_EXPIRED,0,0,39,False,False,LOW_VALUE|AGED_FAILURE|POLICY_BLOCKED|NO_ACTION_FAVORABLE
BATCH-000717,CUSTOMER-000717,8082.89,INR,RECOVERABLE,NETWORK_ERROR,2,0,0,True,True,RECENT_FAILURE|RETRY_FAVORABLE|CONTACT_FAVORABLE
BATCH-000718,CUSTOMER-000718,5964.35,INR,FAILED,UNKNOWN,3,3,9,True,False,POLICY_BLOCKED|NO_ACTION_FAVORABLE
BATCH-000719,CUSTOMER-000719,18932.27,INR,RECOVERABLE,NETWORK_ERROR,2,1,9,True,True,HIGH_VALUE|CONTACT_FAVORABLE|ESCALATION_FAVORABLE
BATCH-000720,CUSTOMER-000720,10521.34,INR,FAILED,PAYMENT_METHOD_EXPIRED,3,1,27,True,True,HIGH_VALUE|POLICY_BLOCKED|ESCALATION_FAVORABLE
BATCH-000721,CUSTOMER-000721,705.76,INR,EXPIRED,PAYMENT_METHOD_EXPIRED,0,0,45,False,False,LOW_VALUE|AGED_FAILURE|POLICY_BLOCKED|NO_ACTION_FAVORABLE
BATCH-000722,CUSTOMER-000722,5314.04,INR,RECOVERABLE,INSUFFICIENT_FUNDS,2,0,2,True,True,RECENT_FAILURE|RETRY_FAVORABLE|CONTACT_FAVORABLE
BATCH-000723,CUSTOMER-000723,2969.37,INR,RECOVERABLE,CARD_DECLINED,2,0,4,True,True,RECENT_FAILURE|RETRY_FAVORABLE|CONTACT_FAVORABLE
BATCH-000724,CUSTOMER-000724,36743.42,INR,RECOVERABLE,CARD_DECLINED,2,1,11,True,True,HIGH_VALUE|CONTACT_FAVORABLE|ESCALATION_FAVORABLE
BATCH-000725,CUSTOMER-000725,18440.14,INR,RECOVERABLE,UNKNOWN,3,2,16,False,True,HIGH_VALUE|POLICY_BLOCKED|ESCALATION_FAVORABLE
BATCH-000726,CUSTOMER-000726,562.91,INR,EXPIRED,UNKNOWN,2,2,36,False,False,LOW_VALUE|AGED_FAILURE|POLICY_BLOCKED|NO_ACTION_FAVORABLE
BATCH-000727,CUSTOMER-000727,3717.41,INR,RECOVERABLE,INSUFFICIENT_FUNDS,2,0,1,True,True,RECENT_FAILURE|RETRY_FAVORABLE|CONTACT_FAVORABLE
BATCH-000728,CUSTOMER-000728,5647.35,INR,RECOVERABLE,UNKNOWN,2,2,14,True,False,POLICY_BLOCKED|CONTACT_FAVORABLE
BATCH-000729,CUSTOMER-000729,10263.91,INR,RECOVERABLE,NETWORK_ERROR,0,0,14,True,True,HIGH_VALUE|CONTACT_FAVORABLE|ESCALATION_FAVORABLE
BATCH-000730,CUSTOMER-000730,2464.68,INR,RECOVERABLE,PAYMENT_METHOD_EXPIRED,8,1,23,True,True,POLICY_BLOCKED
BATCH-000731,CUSTOMER-000731,628.89,INR,EXPIRED,UNKNOWN,1,0,56,False,False,LOW_VALUE|AGED_FAILURE|POLICY_BLOCKED|NO_ACTION_FAVORABLE
BATCH-000732,CUSTOMER-000732,4592.89,INR,FAILED,NETWORK_ERROR,1,1,7,True,True,RECENT_FAILURE|RETRY_FAVORABLE|CONTACT_FAVORABLE
BATCH-000733,CUSTOMER-000733,1202.01,INR,FAILED,CARD_DECLINED,1,0,3,True,False,RECENT_FAILURE|POLICY_BLOCKED|CONTACT_FAVORABLE
BATCH-000734,CUSTOMER-000734,45631.91,INR,RECOVERABLE,NETWORK_ERROR,0,0,1,True,True,HIGH_VALUE|RECENT_FAILURE|RETRY_FAVORABLE|CONTACT_FAVORABLE|ESCALATION_FAVORABLE
BATCH-000735,CUSTOMER-000735,18526.49,INR,FAILED,UNKNOWN,7,4,27,False,False,HIGH_VALUE|POLICY_BLOCKED|ESCALATION_FAVORABLE|NO_ACTION_FAVORABLE
BATCH-000736,CUSTOMER-000736,857.8,INR,EXPIRED,UNKNOWN,0,0,45,False,False,LOW_VALUE|AGED_FAILURE|POLICY_BLOCKED|NO_ACTION_FAVORABLE
BATCH-000737,CUSTOMER-000737,1949.82,INR,FAILED,INSUFFICIENT_FUNDS,1,0,2,True,True,RECENT_FAILURE|RETRY_FAVORABLE|CONTACT_FAVORABLE
BATCH-000738,CUSTOMER-000738,7517.68,INR,FAILED,CARD_DECLINED,2,1,8,True,False,POLICY_BLOCKED|CONTACT_FAVORABLE
BATCH-000739,CUSTOMER-000739,25418.48,INR,RECOVERABLE,NETWORK_ERROR,0,0,0,True,True,HIGH_VALUE|RECENT_FAILURE|RETRY_FAVORABLE|CONTACT_FAVORABLE|ESCALATION_FAVORABLE
BATCH-000740,CUSTOMER-000740,16703.77,INR,FAILED,PAYMENT_METHOD_EXPIRED,7,1,18,True,False,HIGH_VALUE|POLICY_BLOCKED|ESCALATION_FAVORABLE
BATCH-000741,CUSTOMER-000741,174.55,INR,EXPIRED,PAYMENT_METHOD_EXPIRED,2,2,35,False,False,LOW_VALUE|AGED_FAILURE|POLICY_BLOCKED|NO_ACTION_FAVORABLE
BATCH-000742,CUSTOMER-000742,6018.47,INR,RECOVERABLE,NETWORK_ERROR,2,2,6,True,True,RECENT_FAILURE|RETRY_FAVORABLE|CONTACT_FAVORABLE
BATCH-000743,CUSTOMER-000743,5768.35,INR,RECOVERABLE,UNKNOWN,1,0,13,True,False,POLICY_BLOCKED|CONTACT_FAVORABLE
BATCH-000744,CUSTOMER-000744,27019.58,INR,RECOVERABLE,NETWORK_ERROR,1,0,15,True,True,HIGH_VALUE|ESCALATION_FAVORABLE
BATCH-000745,CUSTOMER-000745,6382.07,INR,FAILED,PAYMENT_METHOD_EXPIRED,7,1,28,True,True,POLICY_BLOCKED
BATCH-000746,CUSTOMER-000746,515.81,INR,EXPIRED,PAYMENT_METHOD_EXPIRED,1,1,51,False,False,LOW_VALUE|AGED_FAILURE|POLICY_BLOCKED|NO_ACTION_FAVORABLE
BATCH-000747,CUSTOMER-000747,3975.18,INR,RECOVERABLE,INSUFFICIENT_FUNDS,0,0,2,True,True,RECENT_FAILURE|RETRY_FAVORABLE|CONTACT_FAVORABLE
BATCH-000748,CUSTOMER-000748,8694.79,INR,RECOVERABLE,UNKNOWN,2,0,10,True,False,POLICY_BLOCKED|CONTACT_FAVORABLE
BATCH-000749,CUSTOMER-000749,26529.13,INR,RECOVERABLE,NETWORK_ERROR,2,1,15,True,True,HIGH_VALUE|ESCALATION_FAVORABLE
BATCH-000750,CUSTOMER-000750,11622.78,INR,RECOVERABLE,UNKNOWN,6,1,23,False,False,HIGH_VALUE|POLICY_BLOCKED|ESCALATION_FAVORABLE|NO_ACTION_FAVORABLE
BATCH-000751,CUSTOMER-000751,784.0,INR,EXPIRED,PAYMENT_METHOD_EXPIRED,2,1,34,False,False,LOW_VALUE|AGED_FAILURE|POLICY_BLOCKED|NO_ACTION_FAVORABLE
BATCH-000752,CUSTOMER-000752,7156.43,INR,FAILED,INSUFFICIENT_FUNDS,0,0,1,True,True,RECENT_FAILURE|RETRY_FAVORABLE|CONTACT_FAVORABLE
BATCH-000753,CUSTOMER-000753,8207.68,INR,FAILED,CARD_DECLINED,3,3,12,True,False,POLICY_BLOCKED|NO_ACTION_FAVORABLE
BATCH-000754,CUSTOMER-000754,48582.81,INR,RECOVERABLE,NETWORK_ERROR,0,0,2,True,True,HIGH_VALUE|RECENT_FAILURE|RETRY_FAVORABLE|CONTACT_FAVORABLE|ESCALATION_FAVORABLE
BATCH-000755,CUSTOMER-000755,18591.37,INR,FAILED,PAYMENT_METHOD_EXPIRED,6,0,17,True,True,HIGH_VALUE|POLICY_BLOCKED|ESCALATION_FAVORABLE
BATCH-000756,CUSTOMER-000756,679.6,INR,EXPIRED,UNKNOWN,1,0,50,False,False,LOW_VALUE|AGED_FAILURE|POLICY_BLOCKED|NO_ACTION_FAVORABLE
BATCH-000757,CUSTOMER-000757,8538.58,INR,RECOVERABLE,NETWORK_ERROR,0,0,7,True,True,RECENT_FAILURE|RETRY_FAVORABLE|CONTACT_FAVORABLE
BATCH-000758,CUSTOMER-000758,8655.11,INR,FAILED,CARD_DECLINED,3,0,5,True,True,RECENT_FAILURE|POLICY_BLOCKED|CONTACT_FAVORABLE
BATCH-000759,CUSTOMER-000759,24389.6,INR,RECOVERABLE,NETWORK_ERROR,2,0,0,True,True,HIGH_VALUE|RECENT_FAILURE|RETRY_FAVORABLE|CONTACT_FAVORABLE|ESCALATION_FAVORABLE
BATCH-000760,CUSTOMER-000760,19939.53,INR,FAILED,PAYMENT_METHOD_EXPIRED,6,0,26,False,True,HIGH_VALUE|POLICY_BLOCKED|ESCALATION_FAVORABLE
BATCH-000761,CUSTOMER-000761,689.54,INR,EXPIRED,PAYMENT_METHOD_EXPIRED,0,0,60,False,False,LOW_VALUE|AGED_FAILURE|POLICY_BLOCKED|NO_ACTION_FAVORABLE
BATCH-000762,CUSTOMER-000762,6672.18,INR,RECOVERABLE,INSUFFICIENT_FUNDS,2,0,5,True,True,RECENT_FAILURE|RETRY_FAVORABLE|CONTACT_FAVORABLE
BATCH-000763,CUSTOMER-000763,6457.27,INR,FAILED,UNKNOWN,1,0,8,True,False,POLICY_BLOCKED|CONTACT_FAVORABLE
BATCH-000764,CUSTOMER-000764,26285.39,INR,RECOVERABLE,NETWORK_ERROR,0,0,17,True,True,HIGH_VALUE|ESCALATION_FAVORABLE
BATCH-000765,CUSTOMER-000765,7459.35,INR,RECOVERABLE,UNKNOWN,3,3,23,False,False,POLICY_BLOCKED|NO_ACTION_FAVORABLE
BATCH-000766,CUSTOMER-000766,872.84,INR,EXPIRED,PAYMENT_METHOD_EXPIRED,2,1,46,False,False,LOW_VALUE|AGED_FAILURE|POLICY_BLOCKED|NO_ACTION_FAVORABLE
BATCH-000767,CUSTOMER-000767,8670.53,INR,FAILED,INSUFFICIENT_FUNDS,1,0,7,True,True,RECENT_FAILURE|RETRY_FAVORABLE|CONTACT_FAVORABLE
BATCH-000768,CUSTOMER-000768,3320.38,INR,FAILED,CARD_DECLINED,2,1,11,True,False,POLICY_BLOCKED|CONTACT_FAVORABLE
BATCH-000769,CUSTOMER-000769,26497.04,INR,RECOVERABLE,NETWORK_ERROR,1,1,16,True,True,HIGH_VALUE|ESCALATION_FAVORABLE
BATCH-000770,CUSTOMER-000770,5716.89,INR,FAILED,PAYMENT_METHOD_EXPIRED,3,1,27,False,False,POLICY_BLOCKED|NO_ACTION_FAVORABLE
BATCH-000771,CUSTOMER-000771,481.24,INR,EXPIRED,UNKNOWN,1,0,37,False,False,LOW_VALUE|AGED_FAILURE|POLICY_BLOCKED|NO_ACTION_FAVORABLE
BATCH-000772,CUSTOMER-000772,8550.5,INR,RECOVERABLE,NETWORK_ERROR,2,0,3,True,True,RECENT_FAILURE|RETRY_FAVORABLE|CONTACT_FAVORABLE
BATCH-000773,CUSTOMER-000773,7618.86,INR,FAILED,UNKNOWN,2,0,4,True,True,RECENT_FAILURE|RETRY_FAVORABLE|CONTACT_FAVORABLE
BATCH-000774,CUSTOMER-000774,41157.54,INR,RECOVERABLE,CARD_DECLINED,0,0,2,True,True,HIGH_VALUE|RECENT_FAILURE|RETRY_FAVORABLE|CONTACT_FAVORABLE|ESCALATION_FAVORABLE
BATCH-000775,CUSTOMER-000775,15520.64,INR,RECOVERABLE,AUTHENTICATION_FAILED,7,4,16,False,True,HIGH_VALUE|POLICY_BLOCKED|ESCALATION_FAVORABLE|NO_ACTION_FAVORABLE
BATCH-000776,CUSTOMER-000776,492.64,INR,EXPIRED,UNKNOWN,2,0,39,False,False,LOW_VALUE|AGED_FAILURE|POLICY_BLOCKED|NO_ACTION_FAVORABLE
BATCH-000777,CUSTOMER-000777,6876.44,INR,RECOVERABLE,INSUFFICIENT_FUNDS,0,0,0,True,True,RECENT_FAILURE|RETRY_FAVORABLE|CONTACT_FAVORABLE
BATCH-000778,CUSTOMER-000778,5522.28,INR,FAILED,UNKNOWN,2,0,14,True,False,POLICY_BLOCKED|CONTACT_FAVORABLE
BATCH-000779,CUSTOMER-000779,37929.78,INR,RECOVERABLE,NETWORK_ERROR,1,0,10,True,True,HIGH_VALUE|CONTACT_FAVORABLE|ESCALATION_FAVORABLE
BATCH-000780,CUSTOMER-000780,13807.96,INR,RECOVERABLE,CARD_DECLINED,6,4,18,True,False,HIGH_VALUE|POLICY_BLOCKED|ESCALATION_FAVORABLE|NO_ACTION_FAVORABLE
BATCH-000781,CUSTOMER-000781,310.28,INR,EXPIRED,UNKNOWN,1,1,46,False,False,LOW_VALUE|AGED_FAILURE|POLICY_BLOCKED|NO_ACTION_FAVORABLE
BATCH-000782,CUSTOMER-000782,2063.27,INR,RECOVERABLE,INSUFFICIENT_FUNDS,1,1,3,True,True,RECENT_FAILURE|RETRY_FAVORABLE|CONTACT_FAVORABLE
BATCH-000783,CUSTOMER-000783,8688.93,INR,FAILED,CARD_DECLINED,2,0,8,True,True,CONTACT_FAVORABLE
BATCH-000784,CUSTOMER-000784,38832.62,INR,RECOVERABLE,CARD_DECLINED,0,0,17,True,True,HIGH_VALUE|ESCALATION_FAVORABLE
BATCH-000785,CUSTOMER-000785,4725.2,INR,RECOVERABLE,AUTHENTICATION_FAILED,8,2,19,False,True,POLICY_BLOCKED
BATCH-000786,CUSTOMER-000786,896.45,INR,EXPIRED,UNKNOWN,2,1,47,False,False,LOW_VALUE|AGED_FAILURE|POLICY_BLOCKED|NO_ACTION_FAVORABLE
BATCH-000787,CUSTOMER-000787,3050.29,INR,RECOVERABLE,NETWORK_ERROR,2,2,0,True,True,RECENT_FAILURE|RETRY_FAVORABLE|CONTACT_FAVORABLE
BATCH-000788,CUSTOMER-000788,2470.08,INR,FAILED,UNKNOWN,1,1,14,True,True,CONTACT_FAVORABLE
BATCH-000789,CUSTOMER-000789,20390.76,INR,RECOVERABLE,CARD_DECLINED,1,1,17,True,True,HIGH_VALUE|ESCALATION_FAVORABLE
BATCH-000790,CUSTOMER-000790,1376.87,INR,FAILED,PAYMENT_METHOD_EXPIRED,3,1,26,False,False,POLICY_BLOCKED|NO_ACTION_FAVORABLE
BATCH-000791,CUSTOMER-000791,883.5,INR,EXPIRED,UNKNOWN,1,1,42,False,False,LOW_VALUE|AGED_FAILURE|POLICY_BLOCKED|NO_ACTION_FAVORABLE
BATCH-000792,CUSTOMER-000792,7085.33,INR,RECOVERABLE,INSUFFICIENT_FUNDS,1,1,1,True,True,RECENT_FAILURE|RETRY_FAVORABLE|CONTACT_FAVORABLE
BATCH-000793,CUSTOMER-000793,6685.41,INR,RECOVERABLE,UNKNOWN,1,1,14,True,True,CONTACT_FAVORABLE
BATCH-000794,CUSTOMER-000794,43956.03,INR,RECOVERABLE,NETWORK_ERROR,0,0,2,True,True,HIGH_VALUE|RECENT_FAILURE|RETRY_FAVORABLE|CONTACT_FAVORABLE|ESCALATION_FAVORABLE
BATCH-000795,CUSTOMER-000795,5336.14,INR,RECOVERABLE,NETWORK_ERROR,5,3,24,False,False,POLICY_BLOCKED|NO_ACTION_FAVORABLE
BATCH-000796,CUSTOMER-000796,724.78,INR,EXPIRED,UNKNOWN,1,1,54,False,False,LOW_VALUE|AGED_FAILURE|POLICY_BLOCKED|NO_ACTION_FAVORABLE
BATCH-000797,CUSTOMER-000797,1922.2,INR,FAILED,INSUFFICIENT_FUNDS,0,0,2,True,True,RECENT_FAILURE|RETRY_FAVORABLE|CONTACT_FAVORABLE
BATCH-000798,CUSTOMER-000798,2895.14,INR,RECOVERABLE,CARD_DECLINED,2,0,2,True,True,RECENT_FAILURE|RETRY_FAVORABLE|CONTACT_FAVORABLE
BATCH-000799,CUSTOMER-000799,40837.35,INR,RECOVERABLE,NETWORK_ERROR,2,1,2,True,True,HIGH_VALUE|RECENT_FAILURE|RETRY_FAVORABLE|CONTACT_FAVORABLE|ESCALATION_FAVORABLE
BATCH-000800,CUSTOMER-000800,12743.94,INR,RECOVERABLE,AUTHENTICATION_FAILED,3,1,27,True,True,HIGH_VALUE|POLICY_BLOCKED|ESCALATION_FAVORABLE
BATCH-000801,CUSTOMER-000801,205.02,INR,EXPIRED,PAYMENT_METHOD_EXPIRED,0,0,31,False,False,LOW_VALUE|AGED_FAILURE|POLICY_BLOCKED|NO_ACTION_FAVORABLE
BATCH-000802,CUSTOMER-000802,7813.13,INR,RECOVERABLE,INSUFFICIENT_FUNDS,1,1,7,True,True,RECENT_FAILURE|RETRY_FAVORABLE|CONTACT_FAVORABLE
BATCH-000803,CUSTOMER-000803,2216.03,INR,RECOVERABLE,UNKNOWN,3,2,9,True,True,POLICY_BLOCKED|CONTACT_FAVORABLE
BATCH-000804,CUSTOMER-000804,46356.93,INR,RECOVERABLE,NETWORK_ERROR,1,0,17,True,True,HIGH_VALUE|ESCALATION_FAVORABLE
BATCH-000805,CUSTOMER-000805,9395.35,INR,FAILED,PAYMENT_METHOD_EXPIRED,5,1,28,True,True,POLICY_BLOCKED
BATCH-000806,CUSTOMER-000806,375.11,INR,EXPIRED,PAYMENT_METHOD_EXPIRED,1,1,48,False,False,LOW_VALUE|AGED_FAILURE|POLICY_BLOCKED|NO_ACTION_FAVORABLE
BATCH-000807,CUSTOMER-000807,8549.14,INR,FAILED,INSUFFICIENT_FUNDS,1,1,4,True,True,RECENT_FAILURE|RETRY_FAVORABLE|CONTACT_FAVORABLE
BATCH-000808,CUSTOMER-000808,6373.03,INR,RECOVERABLE,UNKNOWN,1,1,9,True,False,POLICY_BLOCKED|CONTACT_FAVORABLE
BATCH-000809,CUSTOMER-000809,19995.84,INR,RECOVERABLE,CARD_DECLINED,2,1,20,True,True,HIGH_VALUE|ESCALATION_FAVORABLE
BATCH-000810,CUSTOMER-000810,5191.26,INR,RECOVERABLE,NETWORK_ERROR,3,2,28,False,True,POLICY_BLOCKED
BATCH-000811,CUSTOMER-000811,430.32,INR,EXPIRED,PAYMENT_METHOD_EXPIRED,0,0,36,False,False,LOW_VALUE|AGED_FAILURE|POLICY_BLOCKED|NO_ACTION_FAVORABLE
BATCH-000812,CUSTOMER-000812,1438.03,INR,RECOVERABLE,INSUFFICIENT_FUNDS,1,0,7,True,True,RECENT_FAILURE|RETRY_FAVORABLE|CONTACT_FAVORABLE
BATCH-000813,CUSTOMER-000813,3885.79,INR,FAILED,CARD_DECLINED,1,0,1,True,False,RECENT_FAILURE|POLICY_BLOCKED|CONTACT_FAVORABLE
BATCH-000814,CUSTOMER-000814,21284.58,INR,RECOVERABLE,NETWORK_ERROR,0,0,14,True,True,HIGH_VALUE|CONTACT_FAVORABLE|ESCALATION_FAVORABLE
BATCH-000815,CUSTOMER-000815,2713.74,INR,RECOVERABLE,NETWORK_ERROR,3,3,30,True,True,POLICY_BLOCKED|NO_ACTION_FAVORABLE
BATCH-000816,CUSTOMER-000816,657.55,INR,EXPIRED,PAYMENT_METHOD_EXPIRED,0,0,41,False,False,LOW_VALUE|AGED_FAILURE|POLICY_BLOCKED|NO_ACTION_FAVORABLE
BATCH-000817,CUSTOMER-000817,976.33,INR,RECOVERABLE,NETWORK_ERROR,1,0,1,True,True,LOW_VALUE|RECENT_FAILURE|RETRY_FAVORABLE|CONTACT_FAVORABLE
BATCH-000818,CUSTOMER-000818,9061.29,INR,FAILED,CARD_DECLINED,2,2,14,True,False,POLICY_BLOCKED|CONTACT_FAVORABLE
BATCH-000819,CUSTOMER-000819,19958.49,INR,RECOVERABLE,NETWORK_ERROR,1,0,7,True,True,HIGH_VALUE|RECENT_FAILURE|RETRY_FAVORABLE|CONTACT_FAVORABLE|ESCALATION_FAVORABLE
BATCH-000820,CUSTOMER-000820,9755.86,INR,RECOVERABLE,NETWORK_ERROR,3,1,21,False,False,POLICY_BLOCKED|NO_ACTION_FAVORABLE
BATCH-000821,CUSTOMER-000821,603.33,INR,EXPIRED,PAYMENT_METHOD_EXPIRED,0,0,54,False,False,LOW_VALUE|AGED_FAILURE|POLICY_BLOCKED|NO_ACTION_FAVORABLE
BATCH-000822,CUSTOMER-000822,4590.45,INR,RECOVERABLE,NETWORK_ERROR,1,0,3,True,True,RECENT_FAILURE|RETRY_FAVORABLE|CONTACT_FAVORABLE
BATCH-000823,CUSTOMER-000823,9759.47,INR,FAILED,CARD_DECLINED,1,1,11,True,False,POLICY_BLOCKED|CONTACT_FAVORABLE
BATCH-000824,CUSTOMER-000824,33387.87,INR,RECOVERABLE,NETWORK_ERROR,1,0,7,True,True,HIGH_VALUE|RECENT_FAILURE|RETRY_FAVORABLE|CONTACT_FAVORABLE|ESCALATION_FAVORABLE
BATCH-000825,CUSTOMER-000825,12040.46,INR,FAILED,CARD_DECLINED,8,2,30,False,True,HIGH_VALUE|POLICY_BLOCKED|ESCALATION_FAVORABLE
BATCH-000826,CUSTOMER-000826,499.94,INR,EXPIRED,UNKNOWN,2,2,50,False,False,LOW_VALUE|AGED_FAILURE|POLICY_BLOCKED|NO_ACTION_FAVORABLE
BATCH-000827,CUSTOMER-000827,1010.44,INR,FAILED,NETWORK_ERROR,1,1,2,True,True,RECENT_FAILURE|RETRY_FAVORABLE|CONTACT_FAVORABLE
BATCH-000828,CUSTOMER-000828,3094.07,INR,RECOVERABLE,UNKNOWN,3,1,13,True,False,POLICY_BLOCKED|CONTACT_FAVORABLE
BATCH-000829,CUSTOMER-000829,10854.11,INR,RECOVERABLE,NETWORK_ERROR,1,1,11,True,True,HIGH_VALUE|CONTACT_FAVORABLE|ESCALATION_FAVORABLE
BATCH-000830,CUSTOMER-000830,18074.6,INR,RECOVERABLE,CARD_DECLINED,6,4,29,False,True,HIGH_VALUE|POLICY_BLOCKED|ESCALATION_FAVORABLE|NO_ACTION_FAVORABLE
BATCH-000831,CUSTOMER-000831,249.3,INR,EXPIRED,UNKNOWN,1,1,41,False,False,LOW_VALUE|AGED_FAILURE|POLICY_BLOCKED|NO_ACTION_FAVORABLE
BATCH-000832,CUSTOMER-000832,7875.13,INR,FAILED,NETWORK_ERROR,2,1,2,True,True,RECENT_FAILURE|RETRY_FAVORABLE|CONTACT_FAVORABLE
BATCH-000833,CUSTOMER-000833,3661.05,INR,FAILED,UNKNOWN,2,2,9,True,False,POLICY_BLOCKED|CONTACT_FAVORABLE
BATCH-000834,CUSTOMER-000834,17421.37,INR,RECOVERABLE,CARD_DECLINED,0,0,19,True,True,HIGH_VALUE|ESCALATION_FAVORABLE
BATCH-000835,CUSTOMER-000835,7093.19,INR,FAILED,PAYMENT_METHOD_EXPIRED,3,2,27,True,False,POLICY_BLOCKED
BATCH-000836,CUSTOMER-000836,358.08,INR,EXPIRED,PAYMENT_METHOD_EXPIRED,2,0,41,False,False,LOW_VALUE|AGED_FAILURE|POLICY_BLOCKED|NO_ACTION_FAVORABLE
BATCH-000837,CUSTOMER-000837,4947.2,INR,FAILED,NETWORK_ERROR,0,0,0,True,True,RECENT_FAILURE|RETRY_FAVORABLE|CONTACT_FAVORABLE
BATCH-000838,CUSTOMER-000838,2818.71,INR,RECOVERABLE,UNKNOWN,2,2,4,True,True,RECENT_FAILURE|RETRY_FAVORABLE|CONTACT_FAVORABLE
BATCH-000839,CUSTOMER-000839,34958.82,INR,RECOVERABLE,NETWORK_ERROR,2,1,8,True,True,HIGH_VALUE|CONTACT_FAVORABLE|ESCALATION_FAVORABLE
BATCH-000840,CUSTOMER-000840,5193.73,INR,RECOVERABLE,INSUFFICIENT_FUNDS,8,7,17,True,False,POLICY_BLOCKED|NO_ACTION_FAVORABLE
BATCH-000841,CUSTOMER-000841,740.82,INR,EXPIRED,UNKNOWN,0,0,42,False,False,LOW_VALUE|AGED_FAILURE|POLICY_BLOCKED|NO_ACTION_FAVORABLE
BATCH-000842,CUSTOMER-000842,7251.12,INR,FAILED,NETWORK_ERROR,0,0,4,True,True,RECENT_FAILURE|RETRY_FAVORABLE|CONTACT_FAVORABLE
BATCH-000843,CUSTOMER-000843,1701.42,INR,FAILED,UNKNOWN,1,0,9,True,True,CONTACT_FAVORABLE
BATCH-000844,CUSTOMER-000844,17724.78,INR,RECOVERABLE,NETWORK_ERROR,2,2,7,True,True,HIGH_VALUE|RECENT_FAILURE|RETRY_FAVORABLE|CONTACT_FAVORABLE|ESCALATION_FAVORABLE
BATCH-000845,CUSTOMER-000845,15234.69,INR,RECOVERABLE,UNKNOWN,6,5,18,False,False,HIGH_VALUE|POLICY_BLOCKED|ESCALATION_FAVORABLE|NO_ACTION_FAVORABLE
BATCH-000846,CUSTOMER-000846,441.66,INR,EXPIRED,PAYMENT_METHOD_EXPIRED,0,0,36,False,False,LOW_VALUE|AGED_FAILURE|POLICY_BLOCKED|NO_ACTION_FAVORABLE
BATCH-000847,CUSTOMER-000847,4789.89,INR,RECOVERABLE,INSUFFICIENT_FUNDS,2,1,2,True,True,RECENT_FAILURE|RETRY_FAVORABLE|CONTACT_FAVORABLE
BATCH-000848,CUSTOMER-000848,5950.73,INR,RECOVERABLE,UNKNOWN,2,2,14,True,False,POLICY_BLOCKED|CONTACT_FAVORABLE
BATCH-000849,CUSTOMER-000849,19628.9,INR,RECOVERABLE,CARD_DECLINED,2,2,6,True,True,HIGH_VALUE|RECENT_FAILURE|RETRY_FAVORABLE|CONTACT_FAVORABLE|ESCALATION_FAVORABLE
BATCH-000850,CUSTOMER-000850,18596.79,INR,RECOVERABLE,INSUFFICIENT_FUNDS,5,5,26,False,True,HIGH_VALUE|POLICY_BLOCKED|ESCALATION_FAVORABLE|NO_ACTION_FAVORABLE
BATCH-000851,CUSTOMER-000851,127.73,INR,EXPIRED,PAYMENT_METHOD_EXPIRED,1,0,50,False,False,LOW_VALUE|AGED_FAILURE|POLICY_BLOCKED|NO_ACTION_FAVORABLE
BATCH-000852,CUSTOMER-000852,8944.0,INR,RECOVERABLE,NETWORK_ERROR,1,0,0,True,True,RECENT_FAILURE|RETRY_FAVORABLE|CONTACT_FAVORABLE
BATCH-000853,CUSTOMER-000853,8701.48,INR,RECOVERABLE,CARD_DECLINED,1,0,13,True,False,POLICY_BLOCKED|CONTACT_FAVORABLE
BATCH-000854,CUSTOMER-000854,11509.45,INR,RECOVERABLE,NETWORK_ERROR,1,1,4,True,True,HIGH_VALUE|RECENT_FAILURE|RETRY_FAVORABLE|CONTACT_FAVORABLE|ESCALATION_FAVORABLE
BATCH-000855,CUSTOMER-000855,7974.57,INR,FAILED,PAYMENT_METHOD_EXPIRED,7,6,22,True,False,POLICY_BLOCKED|NO_ACTION_FAVORABLE
BATCH-000856,CUSTOMER-000856,555.25,INR,EXPIRED,PAYMENT_METHOD_EXPIRED,0,0,54,False,False,LOW_VALUE|AGED_FAILURE|POLICY_BLOCKED|NO_ACTION_FAVORABLE
BATCH-000857,CUSTOMER-000857,7239.69,INR,FAILED,INSUFFICIENT_FUNDS,0,0,7,True,True,RECENT_FAILURE|RETRY_FAVORABLE|CONTACT_FAVORABLE
BATCH-000858,CUSTOMER-000858,7577.1,INR,FAILED,UNKNOWN,3,2,7,True,True,RECENT_FAILURE|POLICY_BLOCKED|CONTACT_FAVORABLE
BATCH-000859,CUSTOMER-000859,45191.7,INR,RECOVERABLE,NETWORK_ERROR,1,0,13,True,True,HIGH_VALUE|CONTACT_FAVORABLE|ESCALATION_FAVORABLE
BATCH-000860,CUSTOMER-000860,15205.89,INR,FAILED,NETWORK_ERROR,7,0,15,False,False,HIGH_VALUE|POLICY_BLOCKED|ESCALATION_FAVORABLE|NO_ACTION_FAVORABLE
BATCH-000861,CUSTOMER-000861,355.45,INR,EXPIRED,UNKNOWN,2,2,35,False,False,LOW_VALUE|AGED_FAILURE|POLICY_BLOCKED|NO_ACTION_FAVORABLE
BATCH-000862,CUSTOMER-000862,6431.03,INR,RECOVERABLE,INSUFFICIENT_FUNDS,0,0,0,True,True,RECENT_FAILURE|RETRY_FAVORABLE|CONTACT_FAVORABLE
BATCH-000863,CUSTOMER-000863,2998.77,INR,FAILED,UNKNOWN,2,0,13,True,False,POLICY_BLOCKED|CONTACT_FAVORABLE
BATCH-000864,CUSTOMER-000864,29034.19,INR,RECOVERABLE,CARD_DECLINED,2,1,1,True,True,HIGH_VALUE|RECENT_FAILURE|RETRY_FAVORABLE|CONTACT_FAVORABLE|ESCALATION_FAVORABLE
BATCH-000865,CUSTOMER-000865,2616.5,INR,FAILED,AUTHENTICATION_FAILED,7,3,28,False,True,POLICY_BLOCKED|NO_ACTION_FAVORABLE
BATCH-000866,CUSTOMER-000866,490.29,INR,EXPIRED,PAYMENT_METHOD_EXPIRED,2,2,49,False,False,LOW_VALUE|AGED_FAILURE|POLICY_BLOCKED|NO_ACTION_FAVORABLE
BATCH-000867,CUSTOMER-000867,5735.97,INR,FAILED,NETWORK_ERROR,2,1,3,True,True,RECENT_FAILURE|RETRY_FAVORABLE|CONTACT_FAVORABLE
BATCH-000868,CUSTOMER-000868,7990.95,INR,FAILED,CARD_DECLINED,2,2,11,True,False,POLICY_BLOCKED|CONTACT_FAVORABLE
BATCH-000869,CUSTOMER-000869,26543.28,INR,RECOVERABLE,NETWORK_ERROR,1,1,11,True,True,HIGH_VALUE|CONTACT_FAVORABLE|ESCALATION_FAVORABLE
BATCH-000870,CUSTOMER-000870,7545.97,INR,RECOVERABLE,PAYMENT_METHOD_EXPIRED,8,7,15,False,True,POLICY_BLOCKED|NO_ACTION_FAVORABLE
BATCH-000871,CUSTOMER-000871,598.55,INR,EXPIRED,PAYMENT_METHOD_EXPIRED,1,0,32,False,False,LOW_VALUE|AGED_FAILURE|POLICY_BLOCKED|NO_ACTION_FAVORABLE
BATCH-000872,CUSTOMER-000872,6325.55,INR,FAILED,NETWORK_ERROR,0,0,1,True,True,RECENT_FAILURE|RETRY_FAVORABLE|CONTACT_FAVORABLE
BATCH-000873,CUSTOMER-000873,9540.47,INR,RECOVERABLE,CARD_DECLINED,1,1,14,True,False,POLICY_BLOCKED|CONTACT_FAVORABLE
BATCH-000874,CUSTOMER-000874,37751.81,INR,RECOVERABLE,CARD_DECLINED,0,0,9,True,True,HIGH_VALUE|CONTACT_FAVORABLE|ESCALATION_FAVORABLE
BATCH-000875,CUSTOMER-000875,1432.21,INR,RECOVERABLE,PAYMENT_METHOD_EXPIRED,4,3,21,True,True,POLICY_BLOCKED|NO_ACTION_FAVORABLE
BATCH-000876,CUSTOMER-000876,598.43,INR,EXPIRED,PAYMENT_METHOD_EXPIRED,0,0,53,False,False,LOW_VALUE|AGED_FAILURE|POLICY_BLOCKED|NO_ACTION_FAVORABLE
BATCH-000877,CUSTOMER-000877,5455.54,INR,RECOVERABLE,NETWORK_ERROR,2,0,0,True,True,RECENT_FAILURE|RETRY_FAVORABLE|CONTACT_FAVORABLE
BATCH-000878,CUSTOMER-000878,3556.12,INR,RECOVERABLE,CARD_DECLINED,3,0,10,True,True,POLICY_BLOCKED|CONTACT_FAVORABLE
BATCH-000879,CUSTOMER-000879,25545.81,INR,RECOVERABLE,NETWORK_ERROR,1,0,11,True,True,HIGH_VALUE|CONTACT_FAVORABLE|ESCALATION_FAVORABLE
BATCH-000880,CUSTOMER-000880,6557.42,INR,FAILED,NETWORK_ERROR,8,7,27,True,True,POLICY_BLOCKED|NO_ACTION_FAVORABLE
BATCH-000881,CUSTOMER-000881,793.42,INR,EXPIRED,PAYMENT_METHOD_EXPIRED,2,0,33,False,False,LOW_VALUE|AGED_FAILURE|POLICY_BLOCKED|NO_ACTION_FAVORABLE
BATCH-000882,CUSTOMER-000882,4755.53,INR,FAILED,NETWORK_ERROR,1,1,0,True,True,RECENT_FAILURE|RETRY_FAVORABLE|CONTACT_FAVORABLE
BATCH-000883,CUSTOMER-000883,4002.13,INR,RECOVERABLE,UNKNOWN,2,1,12,True,True,CONTACT_FAVORABLE
BATCH-000884,CUSTOMER-000884,35009.24,INR,RECOVERABLE,CARD_DECLINED,0,0,16,True,True,HIGH_VALUE|ESCALATION_FAVORABLE
BATCH-000885,CUSTOMER-000885,12890.05,INR,FAILED,CARD_DECLINED,6,2,15,False,False,HIGH_VALUE|POLICY_BLOCKED|ESCALATION_FAVORABLE|NO_ACTION_FAVORABLE
BATCH-000886,CUSTOMER-000886,817.74,INR,EXPIRED,PAYMENT_METHOD_EXPIRED,2,2,35,False,False,LOW_VALUE|AGED_FAILURE|POLICY_BLOCKED|NO_ACTION_FAVORABLE
BATCH-000887,CUSTOMER-000887,3748.76,INR,RECOVERABLE,NETWORK_ERROR,2,2,3,True,True,RECENT_FAILURE|RETRY_FAVORABLE|CONTACT_FAVORABLE
BATCH-000888,CUSTOMER-000888,2374.74,INR,FAILED,CARD_DECLINED,2,2,10,True,True,CONTACT_FAVORABLE
BATCH-000889,CUSTOMER-000889,15543.06,INR,RECOVERABLE,NETWORK_ERROR,2,1,6,True,True,HIGH_VALUE|RECENT_FAILURE|RETRY_FAVORABLE|CONTACT_FAVORABLE|ESCALATION_FAVORABLE
BATCH-000890,CUSTOMER-000890,14082.11,INR,FAILED,UNKNOWN,7,2,19,True,False,HIGH_VALUE|POLICY_BLOCKED|ESCALATION_FAVORABLE
BATCH-000891,CUSTOMER-000891,354.0,INR,EXPIRED,PAYMENT_METHOD_EXPIRED,2,0,48,False,False,LOW_VALUE|AGED_FAILURE|POLICY_BLOCKED|NO_ACTION_FAVORABLE
BATCH-000892,CUSTOMER-000892,3199.58,INR,RECOVERABLE,INSUFFICIENT_FUNDS,0,0,0,True,True,RECENT_FAILURE|RETRY_FAVORABLE|CONTACT_FAVORABLE
BATCH-000893,CUSTOMER-000893,3730.13,INR,RECOVERABLE,CARD_DECLINED,3,1,14,True,False,POLICY_BLOCKED|CONTACT_FAVORABLE
BATCH-000894,CUSTOMER-000894,14270.86,INR,RECOVERABLE,CARD_DECLINED,0,0,0,True,True,HIGH_VALUE|RECENT_FAILURE|RETRY_FAVORABLE|CONTACT_FAVORABLE|ESCALATION_FAVORABLE
BATCH-000895,CUSTOMER-000895,12330.85,INR,RECOVERABLE,CARD_DECLINED,4,4,15,True,False,HIGH_VALUE|POLICY_BLOCKED|ESCALATION_FAVORABLE|NO_ACTION_FAVORABLE
BATCH-000896,CUSTOMER-000896,776.91,INR,EXPIRED,UNKNOWN,1,0,53,False,False,LOW_VALUE|AGED_FAILURE|POLICY_BLOCKED|NO_ACTION_FAVORABLE
BATCH-000897,CUSTOMER-000897,7743.1,INR,FAILED,NETWORK_ERROR,1,0,7,True,True,RECENT_FAILURE|RETRY_FAVORABLE|CONTACT_FAVORABLE
BATCH-000898,CUSTOMER-000898,3036.46,INR,RECOVERABLE,UNKNOWN,2,0,13,True,False,POLICY_BLOCKED|CONTACT_FAVORABLE
BATCH-000899,CUSTOMER-000899,39694.67,INR,RECOVERABLE,NETWORK_ERROR,0,0,6,True,True,HIGH_VALUE|RECENT_FAILURE|RETRY_FAVORABLE|CONTACT_FAVORABLE|ESCALATION_FAVORABLE
BATCH-000900,CUSTOMER-000900,18614.96,INR,FAILED,AUTHENTICATION_FAILED,6,3,30,False,False,HIGH_VALUE|POLICY_BLOCKED|ESCALATION_FAVORABLE|NO_ACTION_FAVORABLE
BATCH-000901,CUSTOMER-000901,720.97,INR,EXPIRED,UNKNOWN,2,2,54,False,False,LOW_VALUE|AGED_FAILURE|POLICY_BLOCKED|NO_ACTION_FAVORABLE
BATCH-000902,CUSTOMER-000902,3159.63,INR,FAILED,INSUFFICIENT_FUNDS,2,1,0,True,True,RECENT_FAILURE|RETRY_FAVORABLE|CONTACT_FAVORABLE
BATCH-000903,CUSTOMER-000903,8443.09,INR,RECOVERABLE,CARD_DECLINED,1,1,4,True,False,RECENT_FAILURE|POLICY_BLOCKED|CONTACT_FAVORABLE
BATCH-000904,CUSTOMER-000904,30645.07,INR,RECOVERABLE,NETWORK_ERROR,2,1,1,True,True,HIGH_VALUE|RECENT_FAILURE|RETRY_FAVORABLE|CONTACT_FAVORABLE|ESCALATION_FAVORABLE
BATCH-000905,CUSTOMER-000905,9351.52,INR,FAILED,UNKNOWN,5,4,24,False,True,POLICY_BLOCKED|NO_ACTION_FAVORABLE
BATCH-000906,CUSTOMER-000906,822.94,INR,EXPIRED,UNKNOWN,1,0,57,False,False,LOW_VALUE|AGED_FAILURE|POLICY_BLOCKED|NO_ACTION_FAVORABLE
BATCH-000907,CUSTOMER-000907,6642.5,INR,FAILED,INSUFFICIENT_FUNDS,0,0,2,True,True,RECENT_FAILURE|RETRY_FAVORABLE|CONTACT_FAVORABLE
BATCH-000908,CUSTOMER-000908,3911.15,INR,FAILED,UNKNOWN,1,0,3,True,False,RECENT_FAILURE|POLICY_BLOCKED|CONTACT_FAVORABLE
BATCH-000909,CUSTOMER-000909,20003.29,INR,RECOVERABLE,NETWORK_ERROR,2,2,20,True,True,HIGH_VALUE|ESCALATION_FAVORABLE
BATCH-000910,CUSTOMER-000910,14931.98,INR,FAILED,PAYMENT_METHOD_EXPIRED,3,3,18,False,False,HIGH_VALUE|POLICY_BLOCKED|ESCALATION_FAVORABLE|NO_ACTION_FAVORABLE
BATCH-000911,CUSTOMER-000911,681.5,INR,EXPIRED,PAYMENT_METHOD_EXPIRED,2,1,50,False,False,LOW_VALUE|AGED_FAILURE|POLICY_BLOCKED|NO_ACTION_FAVORABLE
BATCH-000912,CUSTOMER-000912,5177.94,INR,RECOVERABLE,NETWORK_ERROR,0,0,2,True,True,RECENT_FAILURE|RETRY_FAVORABLE|CONTACT_FAVORABLE
BATCH-000913,CUSTOMER-000913,8819.37,INR,RECOVERABLE,UNKNOWN,1,1,13,True,False,POLICY_BLOCKED|CONTACT_FAVORABLE
BATCH-000914,CUSTOMER-000914,39206.47,INR,RECOVERABLE,NETWORK_ERROR,1,0,9,True,True,HIGH_VALUE|CONTACT_FAVORABLE|ESCALATION_FAVORABLE
BATCH-000915,CUSTOMER-000915,18072.3,INR,RECOVERABLE,AUTHENTICATION_FAILED,4,3,15,False,True,HIGH_VALUE|POLICY_BLOCKED|ESCALATION_FAVORABLE|NO_ACTION_FAVORABLE
BATCH-000916,CUSTOMER-000916,534.8,INR,EXPIRED,UNKNOWN,0,0,50,False,False,LOW_VALUE|AGED_FAILURE|POLICY_BLOCKED|NO_ACTION_FAVORABLE
BATCH-000917,CUSTOMER-000917,2343.43,INR,RECOVERABLE,INSUFFICIENT_FUNDS,2,1,7,True,True,RECENT_FAILURE|RETRY_FAVORABLE|CONTACT_FAVORABLE
BATCH-000918,CUSTOMER-000918,1714.64,INR,RECOVERABLE,CARD_DECLINED,3,0,1,True,True,RECENT_FAILURE|POLICY_BLOCKED|CONTACT_FAVORABLE
BATCH-000919,CUSTOMER-000919,17393.6,INR,RECOVERABLE,CARD_DECLINED,0,0,20,True,True,HIGH_VALUE|ESCALATION_FAVORABLE
BATCH-000920,CUSTOMER-000920,3762.11,INR,FAILED,AUTHENTICATION_FAILED,3,1,24,True,True,POLICY_BLOCKED
BATCH-000921,CUSTOMER-000921,229.07,INR,EXPIRED,PAYMENT_METHOD_EXPIRED,1,1,50,False,False,LOW_VALUE|AGED_FAILURE|POLICY_BLOCKED|NO_ACTION_FAVORABLE
BATCH-000922,CUSTOMER-000922,6869.35,INR,FAILED,INSUFFICIENT_FUNDS,1,1,0,True,True,RECENT_FAILURE|RETRY_FAVORABLE|CONTACT_FAVORABLE
BATCH-000923,CUSTOMER-000923,4317.12,INR,RECOVERABLE,CARD_DECLINED,2,1,14,True,True,CONTACT_FAVORABLE
BATCH-000924,CUSTOMER-000924,28832.67,INR,RECOVERABLE,CARD_DECLINED,0,0,8,True,True,HIGH_VALUE|CONTACT_FAVORABLE|ESCALATION_FAVORABLE
BATCH-000925,CUSTOMER-000925,10968.28,INR,FAILED,AUTHENTICATION_FAILED,8,4,21,False,True,HIGH_VALUE|POLICY_BLOCKED|ESCALATION_FAVORABLE|NO_ACTION_FAVORABLE
BATCH-000926,CUSTOMER-000926,441.64,INR,EXPIRED,UNKNOWN,1,0,39,False,False,LOW_VALUE|AGED_FAILURE|POLICY_BLOCKED|NO_ACTION_FAVORABLE
BATCH-000927,CUSTOMER-000927,5721.46,INR,RECOVERABLE,NETWORK_ERROR,1,0,7,True,True,RECENT_FAILURE|RETRY_FAVORABLE|CONTACT_FAVORABLE
BATCH-000928,CUSTOMER-000928,7377.28,INR,RECOVERABLE,CARD_DECLINED,1,0,1,True,True,RECENT_FAILURE|RETRY_FAVORABLE|CONTACT_FAVORABLE
BATCH-000929,CUSTOMER-000929,41982.57,INR,RECOVERABLE,NETWORK_ERROR,1,1,13,True,True,HIGH_VALUE|CONTACT_FAVORABLE|ESCALATION_FAVORABLE
BATCH-000930,CUSTOMER-000930,7643.35,INR,RECOVERABLE,NETWORK_ERROR,8,1,21,True,True,POLICY_BLOCKED
BATCH-000931,CUSTOMER-000931,346.22,INR,EXPIRED,UNKNOWN,2,0,48,False,False,LOW_VALUE|AGED_FAILURE|POLICY_BLOCKED|NO_ACTION_FAVORABLE
BATCH-000932,CUSTOMER-000932,1467.61,INR,RECOVERABLE,NETWORK_ERROR,1,0,5,True,True,RECENT_FAILURE|RETRY_FAVORABLE|CONTACT_FAVORABLE
BATCH-000933,CUSTOMER-000933,2746.14,INR,RECOVERABLE,CARD_DECLINED,2,2,11,True,False,POLICY_BLOCKED|CONTACT_FAVORABLE
BATCH-000934,CUSTOMER-000934,15430.16,INR,RECOVERABLE,CARD_DECLINED,0,0,20,True,True,HIGH_VALUE|ESCALATION_FAVORABLE
BATCH-000935,CUSTOMER-000935,9786.93,INR,RECOVERABLE,PAYMENT_METHOD_EXPIRED,6,4,16,False,True,POLICY_BLOCKED|NO_ACTION_FAVORABLE
BATCH-000936,CUSTOMER-000936,114.97,INR,EXPIRED,UNKNOWN,2,1,52,False,False,LOW_VALUE|AGED_FAILURE|POLICY_BLOCKED|NO_ACTION_FAVORABLE
BATCH-000937,CUSTOMER-000937,1062.81,INR,FAILED,INSUFFICIENT_FUNDS,0,0,4,True,True,RECENT_FAILURE|RETRY_FAVORABLE|CONTACT_FAVORABLE
BATCH-000938,CUSTOMER-000938,6638.6,INR,FAILED,CARD_DECLINED,1,1,10,True,False,POLICY_BLOCKED|CONTACT_FAVORABLE
BATCH-000939,CUSTOMER-000939,38210.65,INR,RECOVERABLE,CARD_DECLINED,1,1,1,True,True,HIGH_VALUE|RECENT_FAILURE|RETRY_FAVORABLE|CONTACT_FAVORABLE|ESCALATION_FAVORABLE
BATCH-000940,CUSTOMER-000940,2649.16,INR,FAILED,PAYMENT_METHOD_EXPIRED,4,2,26,False,False,POLICY_BLOCKED|NO_ACTION_FAVORABLE
BATCH-000941,CUSTOMER-000941,240.01,INR,EXPIRED,PAYMENT_METHOD_EXPIRED,1,0,56,False,False,LOW_VALUE|AGED_FAILURE|POLICY_BLOCKED|NO_ACTION_FAVORABLE
BATCH-000942,CUSTOMER-000942,8263.51,INR,RECOVERABLE,NETWORK_ERROR,1,0,0,True,True,RECENT_FAILURE|RETRY_FAVORABLE|CONTACT_FAVORABLE
BATCH-000943,CUSTOMER-000943,4061.04,INR,RECOVERABLE,UNKNOWN,2,0,12,True,False,POLICY_BLOCKED|CONTACT_FAVORABLE
BATCH-000944,CUSTOMER-000944,40779.26,INR,RECOVERABLE,NETWORK_ERROR,0,0,16,True,True,HIGH_VALUE|ESCALATION_FAVORABLE
BATCH-000945,CUSTOMER-000945,14766.84,INR,FAILED,NETWORK_ERROR,6,0,27,False,True,HIGH_VALUE|POLICY_BLOCKED|ESCALATION_FAVORABLE
BATCH-000946,CUSTOMER-000946,649.64,INR,EXPIRED,PAYMENT_METHOD_EXPIRED,2,1,58,False,False,LOW_VALUE|AGED_FAILURE|POLICY_BLOCKED|NO_ACTION_FAVORABLE
BATCH-000947,CUSTOMER-000947,4468.45,INR,RECOVERABLE,NETWORK_ERROR,0,0,1,True,True,RECENT_FAILURE|RETRY_FAVORABLE|CONTACT_FAVORABLE
BATCH-000948,CUSTOMER-000948,6749.66,INR,RECOVERABLE,UNKNOWN,1,1,6,True,True,RECENT_FAILURE|RETRY_FAVORABLE|CONTACT_FAVORABLE
BATCH-000949,CUSTOMER-000949,40911.48,INR,RECOVERABLE,CARD_DECLINED,2,0,3,True,True,HIGH_VALUE|RECENT_FAILURE|RETRY_FAVORABLE|CONTACT_FAVORABLE|ESCALATION_FAVORABLE
BATCH-000950,CUSTOMER-000950,3992.42,INR,FAILED,CARD_DECLINED,3,2,15,False,False,POLICY_BLOCKED|NO_ACTION_FAVORABLE
BATCH-000951,CUSTOMER-000951,539.49,INR,EXPIRED,UNKNOWN,1,0,35,False,False,LOW_VALUE|AGED_FAILURE|POLICY_BLOCKED|NO_ACTION_FAVORABLE
BATCH-000952,CUSTOMER-000952,1955.84,INR,RECOVERABLE,NETWORK_ERROR,1,0,5,True,True,RECENT_FAILURE|RETRY_FAVORABLE|CONTACT_FAVORABLE
BATCH-000953,CUSTOMER-000953,1260.93,INR,FAILED,CARD_DECLINED,3,3,1,True,True,RECENT_FAILURE|POLICY_BLOCKED|NO_ACTION_FAVORABLE
BATCH-000954,CUSTOMER-000954,25676.67,INR,RECOVERABLE,CARD_DECLINED,2,2,19,True,True,HIGH_VALUE|ESCALATION_FAVORABLE
BATCH-000955,CUSTOMER-000955,7756.86,INR,FAILED,AUTHENTICATION_FAILED,5,4,21,False,False,POLICY_BLOCKED|NO_ACTION_FAVORABLE
BATCH-000956,CUSTOMER-000956,205.44,INR,EXPIRED,PAYMENT_METHOD_EXPIRED,2,1,45,False,False,LOW_VALUE|AGED_FAILURE|POLICY_BLOCKED|NO_ACTION_FAVORABLE
BATCH-000957,CUSTOMER-000957,3138.33,INR,RECOVERABLE,NETWORK_ERROR,2,0,7,True,True,RECENT_FAILURE|RETRY_FAVORABLE|CONTACT_FAVORABLE
BATCH-000958,CUSTOMER-000958,2293.5,INR,RECOVERABLE,CARD_DECLINED,3,2,5,True,False,RECENT_FAILURE|POLICY_BLOCKED|CONTACT_FAVORABLE
BATCH-000959,CUSTOMER-000959,41551.15,INR,RECOVERABLE,CARD_DECLINED,1,0,14,True,True,HIGH_VALUE|CONTACT_FAVORABLE|ESCALATION_FAVORABLE
BATCH-000960,CUSTOMER-000960,2241.94,INR,RECOVERABLE,NETWORK_ERROR,3,1,26,False,False,POLICY_BLOCKED|NO_ACTION_FAVORABLE
BATCH-000961,CUSTOMER-000961,506.36,INR,EXPIRED,PAYMENT_METHOD_EXPIRED,1,1,57,False,False,LOW_VALUE|AGED_FAILURE|POLICY_BLOCKED|NO_ACTION_FAVORABLE
BATCH-000962,CUSTOMER-000962,5227.27,INR,RECOVERABLE,INSUFFICIENT_FUNDS,0,0,4,True,True,RECENT_FAILURE|RETRY_FAVORABLE|CONTACT_FAVORABLE
BATCH-000963,CUSTOMER-000963,3147.18,INR,RECOVERABLE,UNKNOWN,1,0,9,True,True,CONTACT_FAVORABLE
BATCH-000964,CUSTOMER-000964,23628.57,INR,RECOVERABLE,CARD_DECLINED,2,1,18,True,True,HIGH_VALUE|ESCALATION_FAVORABLE
BATCH-000965,CUSTOMER-000965,11777.01,INR,RECOVERABLE,INSUFFICIENT_FUNDS,5,4,22,True,False,HIGH_VALUE|POLICY_BLOCKED|ESCALATION_FAVORABLE|NO_ACTION_FAVORABLE
BATCH-000966,CUSTOMER-000966,576.86,INR,EXPIRED,PAYMENT_METHOD_EXPIRED,1,1,48,False,False,LOW_VALUE|AGED_FAILURE|POLICY_BLOCKED|NO_ACTION_FAVORABLE
BATCH-000967,CUSTOMER-000967,1997.48,INR,FAILED,INSUFFICIENT_FUNDS,1,1,1,True,True,RECENT_FAILURE|RETRY_FAVORABLE|CONTACT_FAVORABLE
BATCH-000968,CUSTOMER-000968,5448.66,INR,FAILED,CARD_DECLINED,3,1,1,True,True,RECENT_FAILURE|POLICY_BLOCKED|CONTACT_FAVORABLE
BATCH-000969,CUSTOMER-000969,36435.26,INR,RECOVERABLE,CARD_DECLINED,1,1,17,True,True,HIGH_VALUE|ESCALATION_FAVORABLE
BATCH-000970,CUSTOMER-000970,12695.87,INR,RECOVERABLE,PAYMENT_METHOD_EXPIRED,6,6,21,True,False,HIGH_VALUE|POLICY_BLOCKED|ESCALATION_FAVORABLE|NO_ACTION_FAVORABLE
BATCH-000971,CUSTOMER-000971,830.56,INR,EXPIRED,UNKNOWN,1,1,60,False,False,LOW_VALUE|AGED_FAILURE|POLICY_BLOCKED|NO_ACTION_FAVORABLE
BATCH-000972,CUSTOMER-000972,8917.46,INR,RECOVERABLE,NETWORK_ERROR,2,1,0,True,True,RECENT_FAILURE|RETRY_FAVORABLE|CONTACT_FAVORABLE
BATCH-000973,CUSTOMER-000973,1561.7,INR,RECOVERABLE,CARD_DECLINED,3,2,1,True,True,RECENT_FAILURE|POLICY_BLOCKED|CONTACT_FAVORABLE
BATCH-000974,CUSTOMER-000974,44627.19,INR,RECOVERABLE,CARD_DECLINED,0,0,13,True,True,HIGH_VALUE|CONTACT_FAVORABLE|ESCALATION_FAVORABLE
BATCH-000975,CUSTOMER-000975,14523.7,INR,FAILED,AUTHENTICATION_FAILED,6,1,27,True,True,HIGH_VALUE|POLICY_BLOCKED|ESCALATION_FAVORABLE
BATCH-000976,CUSTOMER-000976,250.58,INR,EXPIRED,UNKNOWN,1,1,57,False,False,LOW_VALUE|AGED_FAILURE|POLICY_BLOCKED|NO_ACTION_FAVORABLE
BATCH-000977,CUSTOMER-000977,1811.27,INR,FAILED,NETWORK_ERROR,2,0,2,True,True,RECENT_FAILURE|RETRY_FAVORABLE|CONTACT_FAVORABLE
BATCH-000978,CUSTOMER-000978,6835.5,INR,RECOVERABLE,CARD_DECLINED,1,0,12,True,False,POLICY_BLOCKED|CONTACT_FAVORABLE
BATCH-000979,CUSTOMER-000979,15488.81,INR,RECOVERABLE,CARD_DECLINED,1,0,14,True,True,HIGH_VALUE|CONTACT_FAVORABLE|ESCALATION_FAVORABLE
BATCH-000980,CUSTOMER-000980,9633.49,INR,RECOVERABLE,PAYMENT_METHOD_EXPIRED,6,0,29,True,True,POLICY_BLOCKED
BATCH-000981,CUSTOMER-000981,562.35,INR,EXPIRED,UNKNOWN,2,1,38,False,False,LOW_VALUE|AGED_FAILURE|POLICY_BLOCKED|NO_ACTION_FAVORABLE
BATCH-000982,CUSTOMER-000982,8375.8,INR,FAILED,NETWORK_ERROR,2,2,5,True,True,RECENT_FAILURE|RETRY_FAVORABLE|CONTACT_FAVORABLE
BATCH-000983,CUSTOMER-000983,5349.41,INR,FAILED,CARD_DECLINED,2,2,2,True,False,RECENT_FAILURE|POLICY_BLOCKED|CONTACT_FAVORABLE
BATCH-000984,CUSTOMER-000984,39251.73,INR,RECOVERABLE,NETWORK_ERROR,1,0,14,True,True,HIGH_VALUE|CONTACT_FAVORABLE|ESCALATION_FAVORABLE
BATCH-000985,CUSTOMER-000985,5659.39,INR,RECOVERABLE,PAYMENT_METHOD_EXPIRED,8,0,17,False,True,POLICY_BLOCKED
BATCH-000986,CUSTOMER-000986,822.87,INR,EXPIRED,PAYMENT_METHOD_EXPIRED,2,1,55,False,False,LOW_VALUE|AGED_FAILURE|POLICY_BLOCKED|NO_ACTION_FAVORABLE
BATCH-000987,CUSTOMER-000987,4359.3,INR,RECOVERABLE,INSUFFICIENT_FUNDS,1,1,5,True,True,RECENT_FAILURE|RETRY_FAVORABLE|CONTACT_FAVORABLE
BATCH-000988,CUSTOMER-000988,3602.88,INR,RECOVERABLE,UNKNOWN,1,0,12,True,False,POLICY_BLOCKED|CONTACT_FAVORABLE
BATCH-000989,CUSTOMER-000989,35172.0,INR,RECOVERABLE,NETWORK_ERROR,2,2,5,True,True,HIGH_VALUE|RECENT_FAILURE|RETRY_FAVORABLE|CONTACT_FAVORABLE|ESCALATION_FAVORABLE
BATCH-000990,CUSTOMER-000990,19816.93,INR,FAILED,NETWORK_ERROR,8,4,15,True,True,HIGH_VALUE|POLICY_BLOCKED|ESCALATION_FAVORABLE|NO_ACTION_FAVORABLE
BATCH-000991,CUSTOMER-000991,206.03,INR,EXPIRED,UNKNOWN,1,0,39,False,False,LOW_VALUE|AGED_FAILURE|POLICY_BLOCKED|NO_ACTION_FAVORABLE
BATCH-000992,CUSTOMER-000992,6802.15,INR,FAILED,INSUFFICIENT_FUNDS,2,1,2,True,True,RECENT_FAILURE|RETRY_FAVORABLE|CONTACT_FAVORABLE
BATCH-000993,CUSTOMER-000993,8270.57,INR,RECOVERABLE,CARD_DECLINED,2,2,13,True,False,POLICY_BLOCKED|CONTACT_FAVORABLE
BATCH-000994,CUSTOMER-000994,44480.58,INR,RECOVERABLE,NETWORK_ERROR,1,0,2,True,True,HIGH_VALUE|RECENT_FAILURE|RETRY_FAVORABLE|CONTACT_FAVORABLE|ESCALATION_FAVORABLE
BATCH-000995,CUSTOMER-000995,16914.67,INR,FAILED,CARD_DECLINED,6,4,27,True,True,HIGH_VALUE|POLICY_BLOCKED|ESCALATION_FAVORABLE|NO_ACTION_FAVORABLE
BATCH-000996,CUSTOMER-000996,687.49,INR,EXPIRED,UNKNOWN,1,0,32,False,False,LOW_VALUE|AGED_FAILURE|POLICY_BLOCKED|NO_ACTION_FAVORABLE
BATCH-000997,CUSTOMER-000997,946.45,INR,RECOVERABLE,INSUFFICIENT_FUNDS,1,1,6,True,True,LOW_VALUE|RECENT_FAILURE|RETRY_FAVORABLE|CONTACT_FAVORABLE
BATCH-000998,CUSTOMER-000998,7715.35,INR,RECOVERABLE,UNKNOWN,3,2,4,True,False,RECENT_FAILURE|POLICY_BLOCKED|CONTACT_FAVORABLE
BATCH-000999,CUSTOMER-000999,15805.99,INR,RECOVERABLE,CARD_DECLINED,1,1,0,True,True,HIGH_VALUE|RECENT_FAILURE|RETRY_FAVORABLE|CONTACT_FAVORABLE|ESCALATION_FAVORABLE
BATCH-001000,CUSTOMER-001000,8258.08,INR,RECOVERABLE,AUTHENTICATION_FAILED,5,4,16,True,True,POLICY_BLOCKED|NO_ACTION_FAVORABLE
